RPM,RPM ref,P,I,duty cycle,time
1444,1450,0.05,0.01,51,0
1445,1400,0.05,0.01,48,10
1449,1450,0.05,0.01,50,20
1445,1450,0.05,0.01,50,30
1450,1450,0.05,0.01,50,40
1453,1450,0.05,0.01,50,50
1462,1450,0.05,0.01,49,60
1446,1450,0.05,0.01,50,70
1456,1450,0.05,0.01,49,80
1462,1450,0.05,0.01,49,90
1449,1450,0.05,0.01,50,100
1458,1400,0.05,0.01,46,110
1462,1450,0.05,0.01,48,120
1449,1450,0.05,0.01,49,130
1453,1400,0.05,0.01,46,140
1437,1400,0.05,0.01,46,150
1442,1400,0.05,0.01,46,160
1441,1400,0.05,0.01,45,170
1425,1450,0.05,0.01,49,180
1433,1450,0.05,0.01,49,190
1435,1450,0.05,0.01,49,200
1420,1450,0.05,0.01,50,210
1428,1450,0.05,0.01,49,220
1413,1450,0.05,0.01,51,230
1425,1450,0.05,0.01,50,240
1433,1450,0.05,0.01,50,250
1418,1450,0.05,0.01,51,260
1427,1400,0.05,0.01,48,270
1433,1400,0.05,0.01,47,280
1425,1450,0.05,0.01,50,290
1425,1400,0.05,0.01,48,300
1429,1450,0.05,0.01,50,310
1425,1450,0.05,0.01,51,320
1429,1450,0.05,0.01,51,330
1437,1450,0.05,0.01,50,340
1429,1450,0.05,0.01,51,350
1436,1450,0.05,0.01,51,360
1441,1450,0.05,0.01,51,370
1453,1450,0.05,0.01,51,380
1437,1450,0.05,0.01,51,390
1449,1450,0.05,0.01,51,400
1458,1450,0.05,0.01,50,410
1445,1450,0.05,0.01,51,420
1458,1450,0.05,0.01,50,430
1461,1450,0.05,0.01,50,440
1449,1450,0.05,0.01,50,450
1458,1400,0.05,0.01,47,460
1462,1400,0.05,0.01,46,470
1450,1400,0.05,0.01,46,480
1452,1400,0.05,0.01,45,490
1433,1400,0.05,0.01,46,500
1437,1400,0.05,0.01,45,510
1438,1400,0.05,0.01,45,520
1420,1400,0.05,0.01,46,530
1420,1400,0.05,0.01,46,540
1421,1400,0.05,0.01,45,550
1404,1450,0.05,0.01,49,560
1412,1450,0.05,0.01,49,570
1404,1450,0.05,0.01,49,580
1407,1450,0.05,0.01,50,590
1416,1450,0.05,0.01,50,600
1404,1450,0.05,0.01,51,610
1407,1450,0.05,0.01,51,620
1420,1450,0.05,0.01,51,630
1416,1450,0.05,0.01,51,640
1416,1400,0.05,0.01,49,650
1425,1400,0.05,0.01,48,660
1416,1450,0.05,0.01,51,670
1420,1450,0.05,0.01,52,680
1434,1450,0.05,0.01,51,690
1425,1450,0.05,0.01,52,700
1433,1450,0.05,0.01,51,710
1441,1400,0.05,0.01,48,720
1437,1450,0.05,0.01,51,730
1437,1450,0.05,0.01,51,740
1449,1400,0.05,0.01,48,750
1442,1450,0.05,0.01,50,760
1435,1400,0.05,0.01,48,770
1445,1450,0.05,0.01,50,780
1453,1450,0.05,0.01,50,790
1437,1450,0.05,0.01,51,800
1445,1450,0.05,0.01,50,810
1458,1450,0.05,0.01,49,820
1445,1450,0.05,0.01,50,830
1453,1450,0.05,0.01,50,840
1459,1450,0.05,0.01,49,850
1449,1450,0.05,0.01,50,860
1456,1450,0.05,0.01,49,870
1462,1450,0.05,0.01,49,880
1449,1450,0.05,0.01,50,890
1453,1400,0.05,0.01,46,900
1441,1450,0.05,0.01,50,910
1447,1400,0.05,0.01,46,920
1437,1450,0.05,0.01,49,930
1437,1450,0.05,0.01,50,940
1445,1400,0.05,0.01,46,950
1434,1450,0.05,0.01,49,960
1433,1400,0.05,0.01,47,970
1437,1400,0.05,0.01,46,980
1426,1400,0.05,0.01,46,990
1426,1450,0.05,0.01,49,1000
1425,1450,0.05,0.01,49,1010
1421,1450,0.05,0.01,50,1020
1420,1450,0.05,0.01,50,1030
1429,1400,0.05,0.01,47,1040
1420,1400,0.05,0.01,47,1050
1414,1400,0.05,0.01,47,1060
1419,1400,0.05,0.01,47,1070
1412,1400,0.05,0.01,47,1080
1408,1450,0.05,0.01,50,1090
1416,1450,0.05,0.01,50,1100
1408,1450,0.05,0.01,51,1110
1412,1400,0.05,0.01,48,1120
1420,1450,0.05,0.01,51,1130
1429,1450,0.05,0.01,51,1140
1416,1450,0.05,0.01,51,1150
1428,1450,0.05,0.01,51,1160
1441,1450,0.05,0.01,51,1170
1429,1450,0.05,0.01,51,1180
1433,1450,0.05,0.01,51,1190
1452,1450,0.05,0.01,50,1200
1433,1450,0.05,0.01,52,1210
1449,1400,0.05,0.01,48,1220
1453,1450,0.05,0.01,50,1230
1437,1450,0.05,0.01,51,1240
1449,1450,0.05,0.01,50,1250
1453,1400,0.05,0.01,47,1260
1444,1450,0.05,0.01,50,1270
1449,1400,0.05,0.01,47,1280
1437,1450,0.05,0.01,50,1290
1445,1450,0.05,0.01,50,1300
1447,1450,0.05,0.01,50,1310
1437,1450,0.05,0.01,50,1320
1445,1450,0.05,0.01,50,1330
1439,1450,0.05,0.01,50,1340
1442,1450,0.05,0.01,50,1350
1449,1450,0.05,0.01,50,1360
1441,1450,0.05,0.01,50,1370
1445,1400,0.05,0.01,47,1380
1448,1400,0.05,0.01,47,1390
1439,1400,0.05,0.01,47,1400
1433,1450,0.05,0.01,49,1410
1441,1450,0.05,0.01,49,1420
1433,1450,0.05,0.01,50,1430
1433,1450,0.05,0.01,50,1440
1441,1450,0.05,0.01,50,1450
1441,1450,0.05,0.01,50,1460
1438,1450,0.05,0.01,50,1470
1443,1450,0.05,0.01,50,1480
1453,1400,0.05,0.01,46,1490
1436,1450,0.05,0.01,50,1500
1440,1450,0.05,0.01,50,1510
1449,1450,0.05,0.01,49,1520
1433,1450,0.05,0.01,50,1530
1443,1450,0.05,0.01,50,1540
1449,1450,0.05,0.01,50,1550
1441,1450,0.05,0.01,50,1560
1445,1400,0.05,0.01,47,1570
1447,1400,0.05,0.01,46,1580
1437,1400,0.05,0.01,47,1590
1437,1450,0.05,0.01,49,1600
1425,1400,0.05,0.01,47,1610
1430,1450,0.05,0.01,49,1620
1433,1450,0.05,0.01,50,1630
1420,1400,0.05,0.01,47,1640
1428,1450,0.05,0.01,50,1650
1433,1450,0.05,0.01,50,1660
1420,1400,0.05,0.01,48,1670
1427,1450,0.05,0.01,50,1680
1420,1450,0.05,0.01,51,1690
1420,1400,0.05,0.01,48,1700
1429,1450,0.05,0.01,50,1710
1419,1450,0.05,0.01,51,1720
1420,1450,0.05,0.01,51,1730
1433,1450,0.05,0.01,51,1740
1429,1450,0.05,0.01,51,1750
1429,1400,0.05,0.01,48,1760
1441,1400,0.05,0.01,47,1770
2865,1450,0.05,0.01,0,1780
1420,1400,0.05,0.01,48,1790
1420,1400,0.05,0.01,48,1800
1408,1450,0.05,0.01,52,1810
1412,1450,0.05,0.01,52,1820
1425,1450,0.05,0.01,51,1830
1416,1450,0.05,0.01,52,1840
1427,1400,0.05,0.01,49,1850
1437,1400,0.05,0.01,48,1860
1437,1450,0.05,0.01,51,1870
1425,1400,0.05,0.01,49,1880
1435,1400,0.05,0.01,48,1890
1438,1400,0.05,0.01,47,1900
1420,1450,0.05,0.01,51,1910
1431,1400,0.05,0.01,48,1920
1437,1450,0.05,0.01,50,1930
1420,1450,0.05,0.01,51,1940
1433,1450,0.05,0.01,51,1950
1437,1450,0.05,0.01,50,1960
1422,1450,0.05,0.01,51,1970
1437,1400,0.05,0.01,48,1980
1441,1400,0.05,0.01,47,1990
1433,1450,0.05,0.01,50,2000
1437,1400,0.05,0.01,47,2010
1441,1400,0.05,0.01,47,2020
1432,1400,0.05,0.01,47,2030
1431,1400,0.05,0.01,47,2040
1433,1500,0.05,0.01,52,2050
1425,1450,0.05,0.01,50,2060
500000,1450,0.05,0.01,0,2070
1411,1400,0.05,0.01,48,2080
1416,1450,0.05,0.01,51,2090
1000000,1450,0.05,0.01,0,2100
1400,1400,0.05,0.01,49,2110
1401,1400,0.05,0.01,49,2120
1408,1400,0.05,0.01,49,2130
1397,1450,0.05,0.01,52,2140
1408,1400,0.05,0.01,49,2150
1414,1400,0.05,0.01,49,2160
1403,1450,0.05,0.01,52,2170
1412,1450,0.05,0.01,52,2180
1417,1450,0.05,0.01,52,2190
1416,1450,0.05,0.01,53,2200
1429,1450,0.05,0.01,52,2210
1426,1450,0.05,0.01,53,2220
1432,1450,0.05,0.01,53,2230
1444,1450,0.05,0.01,52,2240
2894,1450,0.05,0.01,0,2250
1434,1400,0.05,0.01,50,2260
1433,1450,0.05,0.01,52,2270
1425,1450,0.05,0.01,53,2280
1433,1450,0.05,0.01,53,2290
1447,1450,0.05,0.01,52,2300
1445,1450,0.05,0.01,52,2310
1449,1450,0.05,0.01,52,2320
1462,1400,0.05,0.01,48,2330
1466,1450,0.05,0.01,50,2340
1451,1450,0.05,0.01,51,2350
1458,1450,0.05,0.01,51,2360
1474,1450,0.05,0.01,50,2370
1453,1450,0.05,0.01,51,2380
1468,1450,0.05,0.01,50,2390
1471,1450,0.05,0.01,49,2400
1466,1450,0.05,0.01,49,2410
1470,1450,0.05,0.01,49,2420
1458,1400,0.05,0.01,46,2430
1458,1450,0.05,0.01,49,2440
1462,1450,0.05,0.01,49,2450
1449,1400,0.05,0.01,46,2460
1449,1450,0.05,0.01,49,2470
1441,1400,0.05,0.01,46,2480
1441,1450,0.05,0.01,49,2490
1445,1400,0.05,0.01,46,2500
1437,1400,0.05,0.01,46,2510
1433,1400,0.05,0.01,46,2520
1433,1400,0.05,0.01,45,2530
1420,1400,0.05,0.01,46,2540
1419,1400,0.05,0.01,46,2550
1416,1400,0.05,0.01,46,2560
1404,1400,0.05,0.01,46,2570
1401,1450,0.05,0.01,49,2580
1408,1400,0.05,0.01,46,2590
1393,1400,0.05,0.01,47,2600
1395,1400,0.05,0.01,47,2610
1401,1450,0.05,0.01,50,2620
1393,1450,0.05,0.01,51,2630
1391,1450,0.05,0.01,51,2640
1405,1450,0.05,0.01,51,2650
1401,1450,0.05,0.01,52,2660
1408,1450,0.05,0.01,52,2670
1418,1450,0.05,0.01,52,2680
1412,1450,0.05,0.01,52,2690
500000,1400,0.05,0.01,0,2700
1415,1400,0.05,0.01,50,2710
1408,1450,0.05,0.01,53,2720
1408,1450,0.05,0.01,53,2730
1423,1400,0.05,0.01,50,2740
1433,1400,0.05,0.01,49,2750
1420,1400,0.05,0.01,49,2760
2882,1450,0.05,0.01,0,2770
1421,1400,0.05,0.01,49,2780
1404,1450,0.05,0.01,53,2790
1408,1400,0.05,0.01,50,2800
1425,1450,0.05,0.01,52,2810
1408,1450,0.05,0.01,53,2820
1420,1450,0.05,0.01,53,2830
1438,1400,0.05,0.01,49,2840
1429,1450,0.05,0.01,52,2850
1444,1400,0.05,0.01,49,2860
1448,1400,0.05,0.01,48,2870
1425,1400,0.05,0.01,49,2880
1445,1450,0.05,0.01,51,2890
1446,1450,0.05,0.01,51,2900
1441,1450,0.05,0.01,51,2910
1445,1450,0.05,0.01,51,2920
1449,1450,0.05,0.01,51,2930
1445,1450,0.05,0.01,51,2940
1447,1400,0.05,0.01,48,2950
1437,1450,0.05,0.01,51,2960
1449,1450,0.05,0.01,50,2970
1443,1450,0.05,0.01,50,2980
1444,1400,0.05,0.01,48,2990
1449,1450,0.05,0.01,50,3000
1441,1450,0.05,0.01,50,3010
1442,1400,0.05,0.01,47,3020
1444,1400,0.05,0.01,47,3030
1437,1400,0.05,0.01,47,3040
1433,1450,0.05,0.01,50,3050
1434,1450,0.05,0.01,50,3060
1429,1450,0.05,0.01,50,3070
1433,1450,0.05,0.01,50,3080
1441,1450,0.05,0.01,50,3090
1432,1450,0.05,0.01,51,3100
1437,1400,0.05,0.01,47,3110
1441,1400,0.05,0.01,47,3120
1447,1400,0.05,0.01,46,3130
1425,1450,0.05,0.01,50,3140
1433,1450,0.05,0.01,50,3150
1442,1400,0.05,0.01,46,3160
1416,1450,0.05,0.01,50,3170
1393,1400,0.05,0.01,49,3180
1294,1400,0.05,0.01,55,3190
1073,1400,0.05,0.01,69,3200
887,1450,0.05,0.01,87,3210
562,1450,0.05,0.01,100,3220
562,1450,0.05,0.01,100,3230
562,1450,0.05,0.01,100,3240
562,1450,0.05,0.01,100,3250
562,1450,0.05,0.01,100,3260
562,1450,0.05,0.01,100,3270
106,1450,0.05,0.01,100,3280
106,1450,0.05,0.01,100,3290
400000,1450,0.05,0.01,0,3300
425,1400,0.05,0.01,100,3310
425,1450,0.05,0.01,100,3320
445,1450,0.05,0.01,100,3330
551,1450,0.05,0.01,100,3340
647,1450,0.05,0.01,100,3350
798,1450,0.05,0.01,98,3360
860,1450,0.05,0.01,100,3370
400000,1450,0.05,0.01,0,3380
1005,1400,0.05,0.01,89,3390
1012,1450,0.05,0.01,96,3400
1094,1450,0.05,0.01,95,3410
1171,1450,0.05,0.01,94,3420
1245,1450,0.05,0.01,92,3430
1316,1400,0.05,0.01,87,3440
1397,1450,0.05,0.01,86,3450
1449,1450,0.05,0.01,83,3460
1511,1450,0.05,0.01,80,3470
1548,1450,0.05,0.01,77,3480
1608,1400,0.05,0.01,69,3490
1650,1450,0.05,0.01,68,3500
1650,1450,0.05,0.01,66,3510
1684,1450,0.05,0.01,62,3520
1695,1450,0.05,0.01,59,3530
1711,1450,0.05,0.01,55,3540
1730,1450,0.05,0.01,52,3550
1718,1450,0.05,0.01,49,3560
1701,1400,0.05,0.01,45,3570
1701,1400,0.05,0.01,42,3580
1689,1400,0.05,0.01,39,3590
1681,1400,0.05,0.01,37,3600
1657,1400,0.05,0.01,36,3610
1629,1400,0.05,0.01,35,3620
1618,1400,0.05,0.01,33,3630
1610,1400,0.05,0.01,31,3640
1597,1450,0.05,0.01,33,3650
1563,1400,0.05,0.01,31,3660
1558,1400,0.05,0.01,29,3670
1543,1400,0.05,0.01,29,3680
1506,1400,0.05,0.01,30,3690
1488,1400,0.05,0.01,30,3700
1412,1400,0.05,0.01,33,3710
1351,1400,0.05,0.01,37,3720
1266,1400,0.05,0.01,42,3730
1168,1450,0.05,0.01,53,3740
1064,1400,0.05,0.01,59,3750
1026,1450,0.05,0.01,67,3760
947,1450,0.05,0.01,76,3770
886,1450,0.05,0.01,0,3780
849,1400,0.05,0.01,84,3790
803,1450,0.05,0.01,95,3800
820,1450,0.05,0.01,100,3810
839,1450,0.05,0.01,100,3820
864,1450,0.05,0.01,100,3830
911,1450,0.05,0.01,100,3840
976,1450,0.05,0.01,98,3850
994,1450,0.05,0.01,100,3860
1038,1450,0.05,0.01,99,3870
1082,1450,0.05,0.01,100,3880
1127,1450,0.05,0.01,97,3890
1160,1450,0.05,0.01,99,3900
1190,1450,0.05,0.01,100,3910
1214,1500,0.05,0.01,100,3920
1252,1450,0.05,0.01,99,3930
1289,1450,0.05,0.01,98,3940
1312,1450,0.05,0.01,99,3950
1344,1450,0.05,0.01,98,3960
1374,1450,0.05,0.01,97,3970
1385,1450,0.05,0.01,97,3980
1404,1450,0.05,0.01,97,3990
1416,1450,0.05,0.01,97,4000
1429,1450,0.05,0.01,96,4010
1437,1450,0.05,0.01,96,4020
1437,1450,0.05,0.01,96,4030
1437,1450,0.05,0.01,96,4040
1449,1450,0.05,0.01,96,4050
1453,1450,0.05,0.01,95,4060
1457,1450,0.05,0.01,95,4070
1464,1450,0.05,0.01,95,4080
1462,1450,0.05,0.01,95,4090
1453,1450,0.05,0.01,95,4100
1462,1450,0.05,0.01,95,4110
1458,1450,0.05,0.01,95,4120
1453,1450,0.05,0.01,95,4130
1466,1450,0.05,0.01,94,4140
1462,1450,0.05,0.01,94,4150
1453,1450,0.05,0.01,95,4160
1453,1450,0.05,0.01,94,4170
1441,1450,0.05,0.01,95,4180
1437,1450,0.05,0.01,96,4190
1439,1450,0.05,0.01,96,4200
1433,1450,0.05,0.01,96,4210
1425,1450,0.05,0.01,97,4220
1429,1450,0.05,0.01,97,4230
1416,1450,0.05,0.01,98,4240
1416,1450,0.05,0.01,98,4250
1416,1450,0.05,0.01,98,4260
1408,1450,0.05,0.01,99,4270
1412,1450,0.05,0.01,99,4280
1412,1450,0.05,0.01,100,4290
1401,1450,0.05,0.01,100,4300
1404,1450,0.05,0.01,100,4310
1404,1450,0.05,0.01,100,4320
1390,1450,0.05,0.01,100,4330
1392,1450,0.05,0.01,100,4340
1389,1450,0.05,0.01,100,4350
1384,1450,0.05,0.01,100,4360
1387,1450,0.05,0.01,100,4370
1382,1450,0.05,0.01,100,4380
1379,1450,0.05,0.01,100,4390
1389,1450,0.05,0.01,100,4400
1392,1450,0.05,0.01,100,4410
1388,1450,0.05,0.01,100,4420
1395,1450,0.05,0.01,100,4430
1395,1450,0.05,0.01,100,4440
1396,1450,0.05,0.01,100,4450
1405,1450,0.05,0.01,100,4460
1408,1450,0.05,0.01,100,4470
1414,1450,0.05,0.01,100,4480
1429,1450,0.05,0.01,99,4490
666667,1450,0.05,0.01,0,4500
1377,1400,0.05,0.01,100,4510
1351,1450,0.05,0.01,100,4520
1361,1450,0.05,0.01,100,4530
1368,1450,0.05,0.01,100,4540
1379,1450,0.05,0.01,100,4550
1396,1450,0.05,0.01,100,4560
1406,1450,0.05,0.01,100,4570
1415,1450,0.05,0.01,100,4580
1436,1450,0.05,0.01,99,4590
1441,1450,0.05,0.01,99,4600
1470,1450,0.05,0.01,98,4610
1472,1450,0.05,0.01,97,4620
1479,1450,0.05,0.01,97,4630
1502,1450,0.05,0.01,95,4640
1511,1450,0.05,0.01,94,4650
1511,1450,0.05,0.01,93,4660
1529,1450,0.05,0.01,92,4670
1526,1400,0.05,0.01,88,4680
1523,1400,0.05,0.01,87,4690
1523,1400,0.05,0.01,86,4700
1506,1450,0.05,0.01,89,4710
1511,1450,0.05,0.01,88,4720
1497,1450,0.05,0.01,88,4730
1488,1450,0.05,0.01,88,4740
1484,1450,0.05,0.01,88,4750
1477,1400,0.05,0.01,85,4760
1458,1350,0.05,0.01,82,4770
1458,1450,0.05,0.01,87,4780
1442,1450,0.05,0.01,88,4790
1429,1450,0.05,0.01,89,4800
1429,1450,0.05,0.01,89,4810
1419,1450,0.05,0.01,90,4820
1409,1450,0.05,0.01,91,4830
1416,1450,0.05,0.01,91,4840
1420,1400,0.05,0.01,88,4850
1409,1450,0.05,0.01,91,4860
1429,1450,0.05,0.01,91,4870
1425,1450,0.05,0.01,91,4880
1420,1450,0.05,0.01,92,4890
1437,1450,0.05,0.01,91,4900
1433,1450,0.05,0.01,91,4910
1429,1450,0.05,0.01,92,4920
1435,1450,0.05,0.01,92,4930
1425,1450,0.05,0.01,92,4940
1429,1450,0.05,0.01,92,4950
1428,1450,0.05,0.01,93,4960
1421,1450,0.05,0.01,93,4970
1429,1450,0.05,0.01,93,4980
1429,1450,0.05,0.01,93,4990
1429,1450,0.05,0.01,94,5000
1437,1450,0.05,0.01,93,5010
1445,1450,0.05,0.01,93,5020
1441,1400,0.05,0.01,90,5030
1450,1400,0.05,0.01,89,5040
1449,1400,0.05,0.01,89,5050
1437,1450,0.05,0.01,92,5060
1445,1450,0.05,0.01,92,5070
1442,1450,0.05,0.01,92,5080
1449,1450,0.05,0.01,92,5090
1462,1400,0.05,0.01,88,5100
1461,1400,0.05,0.01,87,5110
1453,1400,0.05,0.01,87,5120
1458,1450,0.05,0.01,89,5130
1453,1400,0.05,0.01,87,5140
1449,1400,0.05,0.01,86,5150
1453,1400,0.05,0.01,85,5160
1445,1400,0.05,0.01,85,5170
1429,1400,0.05,0.01,86,5180
1435,1450,0.05,0.01,88,5190
1429,1400,0.05,0.01,86,5200
1416,1450,0.05,0.01,89,5210
1433,1400,0.05,0.01,86,5220
1423,1400,0.05,0.01,86,5230
1410,1400,0.05,0.01,86,5240
1420,1400,0.05,0.01,86,5250
1408,1400,0.05,0.01,86,5260
1397,1350,0.05,0.01,84,5270
1408,1350,0.05,0.01,83,5280
1392,1400,0.05,0.01,86,5290
1380,1350,0.05,0.01,84,5300
1385,1450,0.05,0.01,89,5310
1376,1450,0.05,0.01,90,5320
1362,1450,0.05,0.01,92,5330
1374,1450,0.05,0.01,93,5340
1363,1450,0.05,0.01,94,5350
1355,1450,0.05,0.01,95,5360
1362,1450,0.05,0.01,96,5370
1348,1450,0.05,0.01,97,5380
1338,1500,0.05,0.01,100,5390
1341,1450,0.05,0.01,99,5400
1344,1450,0.05,0.01,100,5410
1352,1450,0.05,0.01,100,5420
1363,1450,0.05,0.01,100,5430
1369,1450,0.05,0.01,100,5440
1369,1450,0.05,0.01,100,5450
1390,1450,0.05,0.01,99,5460
1389,1450,0.05,0.01,99,5470
1389,1450,0.05,0.01,100,5480
1399,1450,0.05,0.01,100,5490
1397,1450,0.05,0.01,100,5500
1397,1450,0.05,0.01,100,5510
1407,1450,0.05,0.01,99,5520
1408,1450,0.05,0.01,100,5530
1408,1450,0.05,0.01,100,5540
1431,1450,0.05,0.01,99,5550
1441,1450,0.05,0.01,99,5560
1453,1450,0.05,0.01,98,5570
1466,1450,0.05,0.01,97,5580
1479,1450,0.05,0.01,96,5590
1477,1450,0.05,0.01,96,5600
1502,1450,0.05,0.01,94,5610
1502,1450,0.05,0.01,94,5620
1511,1450,0.05,0.01,93,5630
1520,1450,0.05,0.01,91,5640
1520,1400,0.05,0.01,88,5650
1529,1450,0.05,0.01,89,5660
1519,1400,0.05,0.01,86,5670
1514,1500,0.05,0.01,91,5680
1516,1400,0.05,0.01,85,5690
1504,1500,0.05,0.01,90,5700
1493,1400,0.05,0.01,85,5710
1493,1350,0.05,0.01,81,5720
1475,1350,0.05,0.01,81,5730
1460,1350,0.05,0.01,80,5740
1462,1450,0.05,0.01,85,5750
1453,1400,0.05,0.01,82,5760
1453,1450,0.05,0.01,85,5770
1449,1350,0.05,0.01,79,5780
1437,1400,0.05,0.01,81,5790
1441,1450,0.05,0.01,84,5800
1440,1450,0.05,0.01,84,5810
1432,1350,0.05,0.01,79,5820
1437,1500,0.05,0.01,87,5830
1437,1350,0.05,0.01,78,5840
1432,1400,0.05,0.01,81,5850
1436,1350,0.05,0.01,77,5860
1420,1450,0.05,0.01,83,5870
1416,1400,0.05,0.01,81,5880
1417,1350,0.05,0.01,78,5890
1408,1400,0.05,0.01,81,5900
2793,1350,0.05,0.01,0,5910
1380,1400,0.05,0.01,82,5920
1330,1400,0.05,0.01,85,5930
1330,1450,0.05,0.01,89,5940
2660,1400,0.05,0.01,7,5950
1320,1400,0.05,0.01,75,5960
1266,1450,0.05,0.01,82,5970
1250,1450,0.05,0.01,85,5980
1256,1500,0.05,0.01,90,5990
1256,1450,0.05,0.01,89,6000
1259,1400,0.05,0.01,88,6010
1272,1450,0.05,0.01,92,6020
1276,1450,0.05,0.01,93,6030
1288,1450,0.05,0.01,94,6040
1305,1450,0.05,0.01,95,6050
1315,1450,0.05,0.01,95,6060
1322,1450,0.05,0.01,97,6070
1340,1450,0.05,0.01,97,6080
1348,1450,0.05,0.01,97,6090
1353,1450,0.05,0.01,98,6100
1374,1450,0.05,0.01,98,6110
1385,1450,0.05,0.01,98,6120
1389,1450,0.05,0.01,98,6130
1412,1450,0.05,0.01,97,6140
1433,1450,0.05,0.01,97,6150
1441,1450,0.05,0.01,96,6160
1462,1450,0.05,0.01,95,6170
1475,1450,0.05,0.01,94,6180
1488,1450,0.05,0.01,93,6190
2000000,1450,0.05,0.01,0,6200
1463,1400,0.05,0.01,91,6210
1462,1450,0.05,0.01,94,6220
1484,1450,0.05,0.01,92,6230
1493,1450,0.05,0.01,91,6240
1000000,1450,0.05,0.01,0,6250
1508,1400,0.05,0.01,87,6260
1493,1450,0.05,0.01,90,6270
1506,1400,0.05,0.01,86,6280
1543,1500,0.05,0.01,88,6290
1567,1400,0.05,0.01,81,6300
1582,1400,0.05,0.01,78,6310
1582,1450,0.05,0.01,79,6320
1587,1450,0.05,0.01,78,6330
1587,1450,0.05,0.01,76,6340
1572,1400,0.05,0.01,73,6350
1553,1450,0.05,0.01,75,6360
1538,1500,0.05,0.01,78,6370
1537,1400,0.05,0.01,72,6380
1513,1400,0.05,0.01,72,6390
1488,1400,0.05,0.01,71,6400
1475,1500,0.05,0.01,78,6410
1479,1350,0.05,0.01,69,6420
1467,1350,0.05,0.01,68,6430
1458,1450,0.05,0.01,74,6440
1449,1450,0.05,0.01,74,6450
1445,1350,0.05,0.01,68,6460
1429,1400,0.05,0.01,71,6470
1423,1350,0.05,0.01,68,6480
1404,1350,0.05,0.01,69,6490
1377,1400,0.05,0.01,73,6500
1369,1400,0.05,0.01,74,6510
1351,1450,0.05,0.01,78,6520
1340,1450,0.05,0.01,80,6530
1340,1400,0.05,0.01,78,6540
1332,1350,0.05,0.01,76,6550
1323,1400,0.05,0.01,80,6560
1330,1400,0.05,0.01,80,6570
1319,1350,0.05,0.01,78,6580
1319,1450,0.05,0.01,84,6590
1328,1500,0.05,0.01,88,6600
1333,1450,0.05,0.01,87,6610
1336,1450,0.05,0.01,88,6620
1333,1400,0.05,0.01,86,6630
1330,1500,0.05,0.01,93,6640
1319,1400,0.05,0.01,89,6650
1309,1400,0.05,0.01,91,6660
1309,1450,0.05,0.01,94,6670
1309,1450,0.05,0.01,96,6680
1316,1450,0.05,0.01,97,6690
1334,1450,0.05,0.01,97,6700
1337,1450,0.05,0.01,98,6710
1344,1450,0.05,0.01,99,6720
1366,1450,0.05,0.01,99,6730
1374,1450,0.05,0.01,99,6740
1377,1450,0.05,0.01,99,6750
1393,1450,0.05,0.01,99,6760
1397,1450,0.05,0.01,100,6770
1404,1450,0.05,0.01,100,6780
1432,1450,0.05,0.01,99,6790
1437,1450,0.05,0.01,98,6800
1453,1450,0.05,0.01,98,6810
1475,1450,0.05,0.01,96,6820
1491,1450,0.05,0.01,95,6830
1502,1400,0.05,0.01,91,6840
1524,1400,0.05,0.01,89,6850
1524,1400,0.05,0.01,87,6860
1534,1400,0.05,0.01,86,6870
1538,1500,0.05,0.01,90,6880
1523,1400,0.05,0.01,84,6890
1530,1500,0.05,0.01,89,6900
1524,1400,0.05,0.01,83,6910
1520,1450,0.05,0.01,85,6920
1524,1450,0.05,0.01,84,6930
1515,1400,0.05,0.01,81,6940
1502,1400,0.05,0.01,80,6950
1511,1450,0.05,0.01,82,6960
1504,1450,0.05,0.01,82,6970
1498,1450,0.05,0.01,81,6980
1502,1450,0.05,0.01,81,6990
1493,1450,0.05,0.01,81,7000
1497,1400,0.05,0.01,77,7010
1485,1400,0.05,0.01,77,7020
1479,1350,0.05,0.01,73,7030
1484,1450,0.05,0.01,78,7040
1475,1450,0.05,0.01,78,7050
1471,1450,0.05,0.01,78,7060
1471,1350,0.05,0.01,72,7070
1461,1400,0.05,0.01,74,7080
1449,1400,0.05,0.01,74,7090
1453,1400,0.05,0.01,73,7100
1453,1450,0.05,0.01,76,7110
1438,1400,0.05,0.01,74,7120
1437,1450,0.05,0.01,77,7130
1433,1400,0.05,0.01,74,7140
1420,1350,0.05,0.01,71,7150
1416,1500,0.05,0.01,80,7160
1411,1400,0.05,0.01,75,7170
1401,1450,0.05,0.01,79,7180
1401,1450,0.05,0.01,79,7190
1394,1450,0.05,0.01,80,7200
1381,1450,0.05,0.01,81,7210
1381,1450,0.05,0.01,82,7220
1376,1450,0.05,0.01,83,7230
1362,1450,0.05,0.01,85,7240
1366,1450,0.05,0.01,85,7250
1366,1400,0.05,0.01,83,7260
1355,1450,0.05,0.01,87,7270
1366,1400,0.05,0.01,84,7280
1368,1500,0.05,0.01,91,7290
1377,1400,0.05,0.01,85,7300
1393,1450,0.05,0.01,88,7310
1401,1400,0.05,0.01,85,7320
1401,1400,0.05,0.01,85,7330
1412,1350,0.05,0.01,81,7340
1415,1450,0.05,0.01,87,7350
1404,1450,0.05,0.01,87,7360
1425,1450,0.05,0.01,87,7370
1436,1450,0.05,0.01,86,7380
1433,1450,0.05,0.01,86,7390
1441,1450,0.05,0.01,86,7400
1452,1350,0.05,0.01,80,7410
1447,1350,0.05,0.01,79,7420
1453,1350,0.05,0.01,77,7430
1449,1400,0.05,0.01,80,7440
1448,1450,0.05,0.01,82,7450
1448,1450,0.05,0.01,82,7460
1453,1450,0.05,0.01,82,7470
1453,1450,0.05,0.01,82,7480
1458,1450,0.05,0.01,82,7490
1458,1400,0.05,0.01,79,7500
1466,1450,0.05,0.01,80,7510
1462,1400,0.05,0.01,78,7520
1462,1500,0.05,0.01,83,7530
2937,1450,0.05,0.01,0,7540
1436,1400,0.05,0.01,79,7550
1429,1450,0.05,0.01,82,7560
1441,1450,0.05,0.01,81,7570
1441,1450,0.05,0.01,82,7580
1453,1450,0.05,0.01,81,7590
1462,1450,0.05,0.01,80,7600
1462,1400,0.05,0.01,77,7610
1466,1450,0.05,0.01,79,7620
1470,1450,0.05,0.01,79,7630
1462,1450,0.05,0.01,79,7640
1449,1350,0.05,0.01,74,7650
1445,1450,0.05,0.01,79,7660
1437,1400,0.05,0.01,77,7670
1425,1350,0.05,0.01,74,7680
1429,1450,0.05,0.01,79,7690
1425,1450,0.05,0.01,80,7700
1433,1450,0.05,0.01,80,7710
1437,1450,0.05,0.01,79,7720
1441,1400,0.05,0.01,76,7730
1443,1450,0.05,0.01,79,7740
1437,1400,0.05,0.01,76,7750
1433,1350,0.05,0.01,73,7760
1429,1450,0.05,0.01,78,7770
1435,1400,0.05,0.01,75,7780
1437,1500,0.05,0.01,81,7790
1462,1400,0.05,0.01,74,7800
1497,1350,0.05,0.01,68,7810
1514,1400,0.05,0.01,69,7820
1563,1450,0.05,0.01,68,7830
1572,1450,0.05,0.01,66,7840
1592,1450,0.05,0.01,64,7850
1623,1450,0.05,0.01,60,7860
1646,1450,0.05,0.01,57,7870
1652,1450,0.05,0.01,55,7880
1650,1450,0.05,0.01,53,7890
1645,1450,0.05,0.01,51,7900
1661,1450,0.05,0.01,48,7910
1667,1450,0.05,0.01,46,7920
1650,1450,0.05,0.01,45,7930
1634,1450,0.05,0.01,44,7940
1623,1450,0.05,0.01,42,7950
1623,1450,0.05,0.01,41,7960
1618,1400,0.05,0.01,36,7970
1597,1400,0.05,0.01,35,7980
1592,1400,0.05,0.01,34,7990
1570,1400,0.05,0.01,33,8000
1567,1400,0.05,0.01,32,8010
1543,1400,0.05,0.01,31,8020
1534,1400,0.05,0.01,31,8030
1529,1400,0.05,0.01,29,8040
1520,1450,0.05,0.01,32,8050
1493,1400,0.05,0.01,30,8060
1488,1450,0.05,0.01,32,8070
1484,1400,0.05,0.01,29,8080
1462,1400,0.05,0.01,29,8090
1457,1400,0.05,0.01,29,8100
1445,1400,0.05,0.01,29,8110
1425,1400,0.05,0.01,30,8120
1419,1400,0.05,0.01,30,8130
1412,1400,0.05,0.01,30,8140
1387,1400,0.05,0.01,32,8150
1000000,1450,0.05,0.01,0,8160
1374,1400,0.05,0.01,33,8170
1353,1400,0.05,0.01,34,8180
1344,1400,0.05,0.01,35,8190
1337,1400,0.05,0.01,36,8200
1315,1400,0.05,0.01,38,8210
1312,1400,0.05,0.01,39,8220
1308,1400,0.05,0.01,40,8230
1289,1400,0.05,0.01,42,8240
1289,1450,0.05,0.01,46,8250
1276,1450,0.05,0.01,49,8260
1273,1450,0.05,0.01,51,8270
1285,1400,0.05,0.01,49,8280
1279,1450,0.05,0.01,53,8290
1282,1450,0.05,0.01,55,8300
1302,1400,0.05,0.01,52,8310
1309,1450,0.05,0.01,56,8320
1323,1450,0.05,0.01,56,8330
1316,1400,0.05,0.01,55,8340
1340,1450,0.05,0.01,57,8350
1359,1450,0.05,0.01,57,8360
1355,1450,0.05,0.01,59,8370
1374,1450,0.05,0.01,58,8380
1397,1450,0.05,0.01,58,8390
1395,1400,0.05,0.01,55,8400
1408,1450,0.05,0.01,58,8410
1433,1450,0.05,0.01,57,8420
1427,1450,0.05,0.01,57,8430
1448,1450,0.05,0.01,56,8440
1466,1450,0.05,0.01,55,8450
1471,1450,0.05,0.01,56,8460
1475,1450,0.05,0.01,54,8470
1488,1450,0.05,0.01,53,8480
1488,1450,0.05,0.01,53,8490
1488,1450,0.05,0.01,52,8500
1484,1450,0.05,0.01,52,8510
1495,1450,0.05,0.01,51,8520
1488,1450,0.05,0.01,51,8530
1488,1500,0.05,0.01,54,8540
1504,1400,0.05,0.01,47,8550
1493,1400,0.05,0.01,47,8560
1488,1400,0.05,0.01,46,8570
1493,1400,0.05,0.01,45,8580
1493,1400,0.05,0.01,44,8590
1471,1400,0.05,0.01,44,8600
1475,1400,0.05,0.01,43,8610
1475,1400,0.05,0.01,43,8620
1453,1450,0.05,0.01,46,8630
1457,1450,0.05,0.01,46,8640
1437,1450,0.05,0.01,46,8650
1441,1450,0.05,0.01,47,8660
1441,1450,0.05,0.01,47,8670
1429,1450,0.05,0.01,48,8680
1429,1450,0.05,0.01,48,8690
1429,1450,0.05,0.01,48,8700
1417,1400,0.05,0.01,46,8710
1420,1400,0.05,0.01,46,8720
1404,1400,0.05,0.01,46,8730
1404,1400,0.05,0.01,46,8740
1408,1400,0.05,0.01,46,8750
1397,1400,0.05,0.01,47,8760
1394,1450,0.05,0.01,50,8770
1399,1450,0.05,0.01,50,8780
1393,1450,0.05,0.01,51,8790
1397,1400,0.05,0.01,48,8800
1403,1450,0.05,0.01,51,8810
1401,1450,0.05,0.01,52,8820
1401,1400,0.05,0.01,49,8830
2770,1400,0.05,0.01,0,8840
1390,1400,0.05,0.01,50,8850
1389,1450,0.05,0.01,53,8860
1400,1400,0.05,0.01,50,8870
1393,1450,0.05,0.01,53,8880
1397,1450,0.05,0.01,54,8890
1412,1450,0.05,0.01,53,8900
1416,1400,0.05,0.01,50,8910
1415,1400,0.05,0.01,50,8920
1423,1400,0.05,0.01,50,8930
1420,1400,0.05,0.01,50,8940
1416,1400,0.05,0.01,50,8950
1428,1400,0.05,0.01,49,8960
1416,1450,0.05,0.01,52,8970
1416,1400,0.05,0.01,50,8980
1433,1400,0.05,0.01,48,8990
1416,1450,0.05,0.01,52,9000
1425,1450,0.05,0.01,52,9010
1433,1400,0.05,0.01,49,9020
1429,1400,0.05,0.01,49,9030
1425,1400,0.05,0.01,49,9040
1433,1400,0.05,0.01,48,9050
1420,1400,0.05,0.01,48,9060
1418,1400,0.05,0.01,48,9070
1425,1400,0.05,0.01,48,9080
1431,1400,0.05,0.01,47,9090
1412,1450,0.05,0.01,51,9100
1420,1450,0.05,0.01,51,9110
1433,1450,0.05,0.01,50,9120
1416,1450,0.05,0.01,51,9130
1425,1450,0.05,0.01,51,9140
1437,1400,0.05,0.01,48,9150
1425,1400,0.05,0.01,48,9160
1429,1450,0.05,0.01,51,9170
1437,1400,0.05,0.01,47,9180
1420,1450,0.05,0.01,51,9190
1435,1450,0.05,0.01,50,9200
1437,1450,0.05,0.01,50,9210
1437,1400,0.05,0.01,48,9220
1440,1400,0.05,0.01,47,9230
1437,1450,0.05,0.01,50,9240
1433,1450,0.05,0.01,50,9250
1433,1450,0.05,0.01,50,9260
1441,1450,0.05,0.01,50,9270
1433,1450,0.05,0.01,51,9280
1441,1450,0.05,0.01,50,9290
1428,1450,0.05,0.01,51,9300
1437,1450,0.05,0.01,51,9310
1445,1450,0.05,0.01,51,9320
1433,1400,0.05,0.01,48,9330
1441,1450,0.05,0.01,51,9340
1437,1450,0.05,0.01,51,9350
1437,1400,0.05,0.01,48,9360
1445,1450,0.05,0.01,50,9370
1437,1400,0.05,0.01,48,9380
1437,1450,0.05,0.01,50,9390
1441,1450,0.05,0.01,50,9400
1433,1400,0.05,0.01,48,9410
1433,1450,0.05,0.01,50,9420
1441,1400,0.05,0.01,47,9430
1433,1400,0.05,0.01,47,9440
1429,1400,0.05,0.01,47,9450
1437,1400,0.05,0.01,46,9460
1441,1400,0.05,0.01,46,9470
1420,1400,0.05,0.01,47,9480
1425,1450,0.05,0.01,49,9490
1433,1450,0.05,0.01,49,9500
1416,1450,0.05,0.01,50,9510
1422,1450,0.05,0.01,50,9520
1436,1400,0.05,0.01,46,9530
1416,1450,0.05,0.01,50,9540
1429,1400,0.05,0.01,47,9550
1431,1400,0.05,0.01,46,9560
1412,1400,0.05,0.01,47,9570
1420,1450,0.05,0.01,50,9580
1425,1400,0.05,0.01,47,9590
1408,1400,0.05,0.01,47,9600
1416,1400,0.05,0.01,47,9610
1420,1400,0.05,0.01,46,9620
1401,1400,0.05,0.01,47,9630
1408,1450,0.05,0.01,50,9640
1412,1400,0.05,0.01,47,9650
1397,1450,0.05,0.01,51,9660
1404,1400,0.05,0.01,48,9670
1412,1400,0.05,0.01,48,9680
1404,1400,0.05,0.01,48,9690
1404,1400,0.05,0.01,48,9700
1412,1400,0.05,0.01,47,9710
1400,1400,0.05,0.01,49,9720
1401,1450,0.05,0.01,51,9730
1405,1450,0.05,0.01,51,9740
1408,1450,0.05,0.01,52,9750
1412,1450,0.05,0.01,52,9760
1423,1450,0.05,0.01,52,9770
1420,1400,0.05,0.01,49,9780
1425,1400,0.05,0.01,49,9790
1429,1450,0.05,0.01,51,9800
1420,1450,0.05,0.01,52,9810
1429,1400,0.05,0.01,49,9820
1437,1400,0.05,0.01,48,9830
1422,1400,0.05,0.01,48,9840
1429,1450,0.05,0.01,51,9850
1416,1450,0.05,0.01,52,9860
1432,1450,0.05,0.01,51,9870
1433,1450,0.05,0.01,51,9880
1429,1450,0.05,0.01,52,9890
1441,1400,0.05,0.01,48,9900
1435,1400,0.05,0.01,48,9910
1433,1450,0.05,0.01,51,9920
2911,1400,0.05,0.01,0,9930
1423,1400,0.05,0.01,49,9940
1416,1450,0.05,0.01,52,9950
1429,1450,0.05,0.01,51,9960
1427,1450,0.05,0.01,52,9970
1430,1450,0.05,0.01,52,9980
1438,1450,0.05,0.01,51,9990
1437,1450,0.05,0.01,52,10000
1441,1450,0.05,0.01,52,10010
1449,1450,0.05,0.01,51,10020
1445,1400,0.05,0.01,48,10030
1445,1400,0.05,0.01,48,10040
1449,1400,0.05,0.01,47,10050
1459,1450,0.05,0.01,49,10060
1441,1450,0.05,0.01,50,10070
1449,1400,0.05,0.01,47,10080
1456,1400,0.05,0.01,46,10090
1437,1450,0.05,0.01,49,10100
1443,1450,0.05,0.01,49,10110
1449,1450,0.05,0.01,49,10120
1435,1400,0.05,0.01,47,10130
1441,1450,0.05,0.01,49,10140
1445,1400,0.05,0.01,46,10150
1437,1400,0.05,0.01,46,10160
1433,1400,0.05,0.01,46,10170
1433,1400,0.05,0.01,45,10180
1420,1400,0.05,0.01,46,10190
1418,1400,0.05,0.01,46,10200
1404,1400,0.05,0.01,45,10210
1408,1400,0.05,0.01,46,10220
1408,1400,0.05,0.01,46,10230
1389,1400,0.05,0.01,47,10240
1397,1450,0.05,0.01,50,10250
1397,1400,0.05,0.01,47,10260
1389,1450,0.05,0.01,50,10270
1393,1400,0.05,0.01,48,10280
1401,1400,0.05,0.01,48,10290
1385,1400,0.05,0.01,48,10300
1393,1450,0.05,0.01,51,10310
1396,1450,0.05,0.01,51,10320
1404,1450,0.05,0.01,51,10330
1404,1450,0.05,0.01,52,10340
500000,1450,0.05,0.01,0,10350
1392,1400,0.05,0.01,49,10360
1397,1450,0.05,0.01,53,10370
1401,1450,0.05,0.01,53,10380
1397,1450,0.05,0.01,53,10390
1408,1450,0.05,0.01,53,10400
1414,1450,0.05,0.01,53,10410
1416,1450,0.05,0.01,54,10420
1429,1450,0.05,0.01,53,10430
1437,1450,0.05,0.01,53,10440
1437,1450,0.05,0.01,53,10450
1449,1450,0.05,0.01,53,10460
1445,1400,0.05,0.01,50,10470
1449,1450,0.05,0.01,52,10480
1458,1450,0.05,0.01,52,10490
1453,1450,0.05,0.01,52,10500
1458,1450,0.05,0.01,51,10510
1471,1400,0.05,0.01,48,10520
1457,1400,0.05,0.01,48,10530
1458,1400,0.05,0.01,47,10540
1462,1450,0.05,0.01,49,10550
1466,1450,0.05,0.01,49,10560
1453,1450,0.05,0.01,50,10570
1460,1450,0.05,0.01,49,10580
1466,1400,0.05,0.01,46,10590
1449,1400,0.05,0.01,46,10600
1458,1450,0.05,0.01,48,10610
1453,1400,0.05,0.01,45,10620
1441,1400,0.05,0.01,45,10630
1445,1400,0.05,0.01,45,10640
1441,1400,0.05,0.01,45,10650
1429,1450,0.05,0.01,48,10660
1429,1450,0.05,0.01,48,10670
1416,1450,0.05,0.01,48,10680
1428,1450,0.05,0.01,49,10690
1429,1450,0.05,0.01,49,10700
500000,1450,0.05,0.01,0,10710
1414,1400,0.05,0.01,47,10720
1408,1400,0.05,0.01,47,10730
1394,1400,0.05,0.01,48,10740
1397,1450,0.05,0.01,51,10750
1401,1400,0.05,0.01,48,10760
1389,1450,0.05,0.01,52,10770
1398,1450,0.05,0.01,52,10780
1401,1400,0.05,0.01,49,10790
1394,1400,0.05,0.01,49,10800
1405,1450,0.05,0.01,52,10810
1408,1450,0.05,0.01,52,10820
1407,1400,0.05,0.01,50,10830
1416,1400,0.05,0.01,49,10840
1420,1450,0.05,0.01,52,10850
1412,1450,0.05,0.01,52,10860
1425,1450,0.05,0.01,52,10870
1416,1400,0.05,0.01,50,10880
1420,1450,0.05,0.01,52,10890
1433,1450,0.05,0.01,52,10900
1427,1450,0.05,0.01,52,10910
1433,1450,0.05,0.01,52,10920
1445,1450,0.05,0.01,52,10930
1440,1450,0.05,0.01,52,10940
1442,1450,0.05,0.01,52,10950
1458,1400,0.05,0.01,48,10960
1449,1450,0.05,0.01,51,10970
1453,1450,0.05,0.01,51,10980
666667,1400,0.05,0.01,0,10990
1457,1400,0.05,0.01,48,11000
1437,1450,0.05,0.01,51,11010
1441,1450,0.05,0.01,51,11020
1453,1450,0.05,0.01,50,11030
1441,1450,0.05,0.01,51,11040
1453,1400,0.05,0.01,48,11050
1458,1450,0.05,0.01,50,11060
1441,1450,0.05,0.01,51,11070
1453,1400,0.05,0.01,47,11080
1458,1400,0.05,0.01,46,11090
1447,1400,0.05,0.01,46,11100
1449,1400,0.05,0.01,46,11110
1445,1450,0.05,0.01,48,11120
1437,1450,0.05,0.01,49,11130
1438,1450,0.05,0.01,49,11140
1429,1450,0.05,0.01,50,11150
1437,1450,0.05,0.01,49,11160
666667,1450,0.05,0.01,0,11170
1416,1400,0.05,0.01,48,11180
1420,1450,0.05,0.01,50,11190
1412,1450,0.05,0.01,51,11200
1415,1400,0.05,0.01,48,11210
2801,1450,0.05,0.01,0,11220
1404,1400,0.05,0.01,49,11230
1401,1450,0.05,0.01,52,11240
1412,1450,0.05,0.01,52,11250
1408,1450,0.05,0.01,52,11260
1408,1450,0.05,0.01,53,11270
1425,1400,0.05,0.01,49,11280
1416,1400,0.05,0.01,50,11290
1420,1400,0.05,0.01,49,11300
1429,1400,0.05,0.01,48,11310
1416,1450,0.05,0.01,52,11320
1420,1400,0.05,0.01,49,11330
1429,1450,0.05,0.01,51,11340
1425,1450,0.05,0.01,52,11350
1433,1400,0.05,0.01,49,11360
1437,1400,0.05,0.01,48,11370
1429,1400,0.05,0.01,48,11380
1429,1400,0.05,0.01,48,11390
1433,1400,0.05,0.01,47,11400
1436,1400,0.05,0.01,47,11410
1420,1400,0.05,0.01,47,11420
1425,1400,0.05,0.01,47,11430
1433,1450,0.05,0.01,49,11440
1412,1450,0.05,0.01,51,11450
1418,1450,0.05,0.01,51,11460
1433,1400,0.05,0.01,47,11470
1415,1400,0.05,0.01,48,11480
1425,1450,0.05,0.01,50,11490
1429,1450,0.05,0.01,50,11500
1416,1450,0.05,0.01,51,11510
1433,1450,0.05,0.01,50,11520
1437,1450,0.05,0.01,50,11530
1425,1450,0.05,0.01,51,11540
1437,1400,0.05,0.01,48,11550
1441,1400,0.05,0.01,47,11560
1433,1400,0.05,0.01,47,11570
1433,1450,0.05,0.01,50,11580
1441,1400,0.05,0.01,46,11590
1425,1450,0.05,0.01,50,11600
1429,1450,0.05,0.01,50,11610
1422,1450,0.05,0.01,51,11620
1432,1450,0.05,0.01,50,11630
1437,1450,0.05,0.01,50,11640
1429,1450,0.05,0.01,51,11650
1437,1450,0.05,0.01,51,11660
1429,1450,0.05,0.01,50,11670
1433,1450,0.05,0.01,51,11680
1441,1450,0.05,0.01,51,11690
1441,1450,0.05,0.01,51,11700
1437,1450,0.05,0.01,51,11710
1453,1450,0.05,0.01,50,11720
1445,1450,0.05,0.01,51,11730
1449,1450,0.05,0.01,51,11740
1458,1450,0.05,0.01,50,11750
1449,1400,0.05,0.01,47,11760
1447,1450,0.05,0.01,50,11770
1455,1450,0.05,0.01,50,11780
1466,1450,0.05,0.01,49,11790
1445,1450,0.05,0.01,50,11800
1457,1450,0.05,0.01,49,11810
1466,1450,0.05,0.01,49,11820
1445,1450,0.05,0.01,50,11830
1458,1450,0.05,0.01,49,11840
1463,1400,0.05,0.01,46,11850
1448,1400,0.05,0.01,46,11860
1453,1450,0.05,0.01,48,11870
1449,1400,0.05,0.01,45,11880
1440,1400,0.05,0.01,46,11890
1441,1450,0.05,0.01,48,11900
1425,1450,0.05,0.01,49,11910
1437,1450,0.05,0.01,49,11920
1437,1400,0.05,0.01,46,11930
1425,1400,0.05,0.01,46,11940
1429,1400,0.05,0.01,46,11950
1425,1450,0.05,0.01,49,11960
1412,1450,0.05,0.01,50,11970
1416,1450,0.05,0.01,50,11980
1408,1450,0.05,0.01,51,11990
1417,1450,0.05,0.01,50,12000
1425,1450,0.05,0.01,50,12010
1419,1450,0.05,0.01,51,12020
1420,1400,0.05,0.01,48,12030
1429,1400,0.05,0.01,47,12040
1416,1400,0.05,0.01,48,12050
1417,1450,0.05,0.01,51,12060
1420,1450,0.05,0.01,51,12070
1416,1450,0.05,0.01,51,12080
1420,1450,0.05,0.01,51,12090
1429,1400,0.05,0.01,48,12100
1425,1450,0.05,0.01,51,12110
1429,1450,0.05,0.01,51,12120
1434,1450,0.05,0.01,51,12130
1432,1450,0.05,0.01,51,12140
1441,1450,0.05,0.01,51,12150
1445,1450,0.05,0.01,51,12160
1461,1450,0.05,0.01,50,12170
1447,1450,0.05,0.01,51,12180
1453,1450,0.05,0.01,50,12190
1463,1450,0.05,0.01,50,12200
1450,1450,0.05,0.01,50,12210
1462,1450,0.05,0.01,50,12220
1466,1400,0.05,0.01,46,12230
1458,1400,0.05,0.01,46,12240
1452,1450,0.05,0.01,49,12250
1455,1450,0.05,0.01,49,12260
1449,1450,0.05,0.01,49,12270
1453,1400,0.05,0.01,46,12280
1440,1450,0.05,0.01,49,12290
Enter the value of PEnter the value of I1437 ,1450,0.08,0.03,100,12300
1499,1450,0.08,0.03,100,12310
1567,1450,0.08,0.03,100,12320
1664,1450,0.08,0.03,100,12330
1732,1450,0.08,0.03,100,12340
1805,1450,0.08,0.03,100,12350
1873,1450,0.08,0.03,99,12360
1947,1450,0.08,0.03,78,12370
2000,1450,0.08,0.03,58,12380
2016,1450,0.08,0.03,39,12390
1996,1400,0.08,0.03,19,12400
1986,1400,0.08,0.03,2,12410
1953,1400,0.08,0.03,0,12420
1946,1400,0.08,0.03,0,12430
1932,1400,0.08,0.03,0,12440
1903,1400,0.08,0.03,0,12450
1885,1400,0.08,0.03,0,12460
1855,1400,0.08,0.03,0,12470
1826,1400,0.08,0.03,2,12480
1802,1400,0.08,0.03,0,12490
1800,1400,0.08,0.03,0,12500
1768,1400,0.08,0.03,0,12510
1756,1400,0.08,0.03,0,12520
1726,1400,0.08,0.03,1,12530
1712,1400,0.08,0.03,0,12540
1706,1400,0.08,0.03,0,12550
1675,1400,0.08,0.03,0,12560
1665,1400,0.08,0.03,0,12570
1643,1400,0.08,0.03,0,12580
1614,1400,0.08,0.03,3,12590
1609,1400,0.08,0.03,0,12600
1608,1400,0.08,0.03,0,12610
1572,1400,0.08,0.03,1,12620
1548,1400,0.08,0.03,0,12630
1534,1400,0.08,0.03,0,12640
1519,1400,0.08,0.03,0,12650
1497,1400,0.08,0.03,0,12660
1478,1400,0.08,0.03,0,12670
1471,1400,0.08,0.03,0,12680
1463,1400,0.08,0.03,1,12690
1432,1400,0.08,0.03,1,12700
1425,1400,0.08,0.03,1,12710
1414,1400,0.08,0.03,1,12720
1381,1400,0.08,0.03,5,12730
1375,1400,0.08,0.03,6,12740
1358,1400,0.08,0.03,8,12750
1340,1400,0.08,0.03,12,12760
1330,1400,0.08,0.03,15,12770
1309,1400,0.08,0.03,19,12780
1305,1400,0.08,0.03,22,12790
1299,1400,0.08,0.03,26,12800
1273,1400,0.08,0.03,32,12810
1266,1400,0.08,0.03,36,12820
1259,1400,0.08,0.03,41,12830
1259,1400,0.08,0.03,45,12840
1259,1400,0.08,0.03,49,12850
1244,1450,0.08,0.03,61,12860
1259,1450,0.08,0.03,65,12870
1279,1400,0.08,0.03,63,12880
1312,1450,0.08,0.03,70,12890
2736,1500,0.08,0.03,0,12900
1340,1400,0.08,0.03,65,12910
2670,1450,0.08,0.03,0,12920
1360,1400,0.08,0.03,64,12930
1362,1350,0.08,0.03,60,12940
1377,1400,0.08,0.03,63,12950
1404,1450,0.08,0.03,67,12960
1425,1450,0.08,0.03,66,12970
1445,1350,0.08,0.03,53,12980
1471,1400,0.08,0.03,53,12990
1466,1400,0.08,0.03,51,13000
1471,1450,0.08,0.03,54,13010
1484,1400,0.08,0.03,47,13020
1488,1400,0.08,0.03,44,13030
1466,1400,0.08,0.03,44,13040
1466,1400,0.08,0.03,42,13050
1466,1400,0.08,0.03,40,13060
1441,1400,0.08,0.03,40,13070
1446,1400,0.08,0.03,39,13080
1439,1400,0.08,0.03,38,13090
1416,1400,0.08,0.03,39,13100
1416,1400,0.08,0.03,39,13110
1414,1400,0.08,0.03,39,13120
1389,1400,0.08,0.03,41,13130
1390,1400,0.08,0.03,41,13140
1385,1400,0.08,0.03,42,13150
1362,1450,0.08,0.03,50,13160
1376,1400,0.08,0.03,46,13170
1377,1400,0.08,0.03,47,13180
1359,1450,0.08,0.03,55,13190
1370,1450,0.08,0.03,56,13200
1389,1400,0.08,0.03,51,13210
1378,1450,0.08,0.03,58,13220
1391,1450,0.08,0.03,59,13230
1425,1450,0.08,0.03,57,13240
1419,1450,0.08,0.03,58,13250
1445,1450,0.08,0.03,57,13260
1462,1450,0.08,0.03,55,13270
1453,1450,0.08,0.03,55,13280
1474,1450,0.08,0.03,53,13290
1485,1450,0.08,0.03,51,13300
1484,1450,0.08,0.03,50,13310
1488,1400,0.08,0.03,43,13320
1471,1400,0.08,0.03,42,13330
1475,1400,0.08,0.03,40,13340
1455,1400,0.08,0.03,40,13350
1449,1400,0.08,0.03,39,13360
1441,1400,0.08,0.03,38,13370
1426,1400,0.08,0.03,39,13380
1422,1400,0.08,0.03,38,13390
1416,1400,0.08,0.03,38,13400
1398,1400,0.08,0.03,40,13410
1393,1400,0.08,0.03,40,13420
1389,1400,0.08,0.03,41,13430
1375,1400,0.08,0.03,43,13440
1370,1400,0.08,0.03,44,13450
1370,1400,0.08,0.03,45,13460
1357,1450,0.08,0.03,53,13470
1359,1450,0.08,0.03,56,13480
1377,1450,0.08,0.03,56,13490
1381,1450,0.08,0.03,58,13500
1389,1450,0.08,0.03,59,13510
1412,1450,0.08,0.03,59,13520
1429,1400,0.08,0.03,52,13530
1433,1450,0.08,0.03,57,13540
1453,1450,0.08,0.03,55,13550
1452,1450,0.08,0.03,55,13560
1458,1450,0.08,0.03,54,13570
1471,1400,0.08,0.03,47,13580
1462,1400,0.08,0.03,46,13590
1461,1400,0.08,0.03,44,13600
1460,1400,0.08,0.03,42,13610
1458,1400,0.08,0.03,41,13620
1437,1400,0.08,0.03,41,13630
1438,1400,0.08,0.03,40,13640
1434,1400,0.08,0.03,39,13650
1408,1400,0.08,0.03,41,13660
1412,1400,0.08,0.03,41,13670
1412,1400,0.08,0.03,40,13680
1389,1400,0.08,0.03,42,13690
1389,1450,0.08,0.03,48,13700
1389,1450,0.08,0.03,50,13710
1374,1450,0.08,0.03,54,13720
1395,1450,0.08,0.03,53,13730
1404,1450,0.08,0.03,54,13740
1397,1450,0.08,0.03,56,13750
1416,1450,0.08,0.03,56,13760
1434,1450,0.08,0.03,55,13770
1425,1450,0.08,0.03,56,13780
1447,1450,0.08,0.03,55,13790
500000,1450,0.08,0.03,0,13800
1441,1400,0.08,0.03,50,13810
1441,1450,0.08,0.03,54,13820
1449,1450,0.08,0.03,54,13830
1451,1450,0.08,0.03,53,13840
2915,1450,0.08,0.03,0,13850
1443,1400,0.08,0.03,49,13860
1449,1450,0.08,0.03,52,13870
1448,1400,0.08,0.03,47,13880
1441,1450,0.08,0.03,52,13890
1449,1450,0.08,0.03,51,13900
1445,1450,0.08,0.03,52,13910
1452,1450,0.08,0.03,51,13920
1459,1450,0.08,0.03,50,13930
1445,1450,0.08,0.03,51,13940
1453,1400,0.08,0.03,45,13950
1460,1450,0.08,0.03,48,13960
1447,1450,0.08,0.03,49,13970
1449,1400,0.08,0.03,44,13980
1451,1400,0.08,0.03,42,13990
1453,1400,0.08,0.03,40,14000
1429,1400,0.08,0.03,41,14010
1429,1400,0.08,0.03,41,14020
1429,1400,0.08,0.03,40,14030
1404,1400,0.08,0.03,41,14040
1404,1400,0.08,0.03,41,14050
1404,1400,0.08,0.03,41,14060
1383,1400,0.08,0.03,43,14070
1381,1400,0.08,0.03,44,14080
1379,1400,0.08,0.03,45,14090
1359,1400,0.08,0.03,48,14100
1362,1400,0.08,0.03,49,14110
1373,1450,0.08,0.03,56,14120
1362,1400,0.08,0.03,53,14130
1377,1400,0.08,0.03,52,14140
1377,1400,0.08,0.03,53,14150
1385,1400,0.08,0.03,53,14160
1394,1400,0.08,0.03,52,14170
1393,1400,0.08,0.03,52,14180
1401,1400,0.08,0.03,52,14190
1412,1400,0.08,0.03,50,14200
1401,1450,0.08,0.03,57,14210
1412,1450,0.08,0.03,57,14220
1429,1400,0.08,0.03,51,14230
1446,1450,0.08,0.03,54,14240
1437,1400,0.08,0.03,49,14250
1445,1450,0.08,0.03,53,14260
1455,1450,0.08,0.03,52,14270
1445,1450,0.08,0.03,53,14280
1458,1450,0.08,0.03,51,14290
1466,1450,0.08,0.03,50,14300
1461,1450,0.08,0.03,50,14310
1466,1450,0.08,0.03,49,14320
1474,1400,0.08,0.03,43,14330
1458,1400,0.08,0.03,42,14340
1453,1400,0.08,0.03,41,14350
1437,1400,0.08,0.03,41,14360
1433,1400,0.08,0.03,41,14370
1429,1400,0.08,0.03,40,14380
1408,1400,0.08,0.03,41,14390
1405,1400,0.08,0.03,41,14400
1404,1400,0.08,0.03,41,14410
1384,1400,0.08,0.03,43,14420
1385,1400,0.08,0.03,44,14430
1381,1400,0.08,0.03,45,14440
1366,1450,0.08,0.03,52,14450
1377,1450,0.08,0.03,54,14460
1381,1450,0.08,0.03,55,14470
1385,1450,0.08,0.03,57,14480
1404,1450,0.08,0.03,57,14490
1412,1400,0.08,0.03,52,14500
1414,1500,0.08,0.03,62,14510
1437,1450,0.08,0.03,57,14520
1449,1450,0.08,0.03,56,14530
1455,1400,0.08,0.03,50,14540
1468,1400,0.08,0.03,47,14550
1453,1450,0.08,0.03,52,14560
2853,1400,0.08,0.03,0,14570
1451,1400,0.08,0.03,46,14580
1437,1400,0.08,0.03,47,14590
1433,1400,0.08,0.03,46,14600
1437,1450,0.08,0.03,50,14610
1425,1450,0.08,0.03,52,14620
1431,1450,0.08,0.03,52,14630
1437,1450,0.08,0.03,52,14640
1437,1450,0.08,0.03,52,14650
1441,1450,0.08,0.03,52,14660
1453,1450,0.08,0.03,51,14670
1462,1450,0.08,0.03,50,14680
1449,1450,0.08,0.03,51,14690
1457,1450,0.08,0.03,50,14700
1460,1450,0.08,0.03,50,14710
1449,1450,0.08,0.03,50,14720
1458,1400,0.08,0.03,44,14730
1452,1400,0.08,0.03,43,14740
1429,1400,0.08,0.03,44,14750
1416,1400,0.08,0.03,44,14760
1397,1400,0.08,0.03,46,14770
1355,1400,0.08,0.03,51,14780
1348,1400,0.08,0.03,53,14790
1337,1400,0.08,0.03,56,14800
1319,1400,0.08,0.03,60,14810
1325,1450,0.08,0.03,67,14820
1330,1450,0.08,0.03,70,14830
1328,1450,0.08,0.03,74,14840
1340,1450,0.08,0.03,76,14850
1348,1350,0.08,0.03,68,14860
1340,1500,0.08,0.03,85,14870
1355,1450,0.08,0.03,83,14880
1354,1450,0.08,0.03,86,14890
1362,1450,0.08,0.03,88,14900
1379,1350,0.08,0.03,77,14910
1372,1450,0.08,0.03,88,14920
1374,1450,0.08,0.03,90,14930
1388,1450,0.08,0.03,91,14940
1387,1450,0.08,0.03,93,14950
1393,1450,0.08,0.03,94,14960
1397,1450,0.08,0.03,96,14970
1400,1450,0.08,0.03,97,14980
1401,1450,0.08,0.03,98,14990
1401,1450,0.08,0.03,100,15000
1395,1450,0.08,0.03,100,15010
1399,1450,0.08,0.03,100,15020
1409,1450,0.08,0.03,100,15030
1411,1450,0.08,0.03,100,15040
1425,1450,0.08,0.03,99,15050
1433,1450,0.08,0.03,99,15060
2907,1450,0.08,0.03,0,15070
2786,1400,0.08,0.03,0,15080
1312,1400,0.08,0.03,100,15090
1291,1450,0.08,0.03,100,15100
1313,1450,0.08,0.03,100,15110
1332,1450,0.08,0.03,100,15120
1355,1450,0.08,0.03,100,15130
1374,1450,0.08,0.03,100,15140
1385,1450,0.08,0.03,100,15150
1404,1450,0.08,0.03,100,15160
1417,1450,0.08,0.03,100,15170
1432,1450,0.08,0.03,99,15180
1445,1450,0.08,0.03,98,15190
1445,1450,0.08,0.03,98,15200
1456,1450,0.08,0.03,97,15210
1449,1450,0.08,0.03,98,15220
1453,1450,0.08,0.03,97,15230
1460,1450,0.08,0.03,97,15240
1453,1450,0.08,0.03,97,15250
1453,1450,0.08,0.03,97,15260
1462,1450,0.08,0.03,96,15270
1462,1450,0.08,0.03,96,15280
1447,1450,0.08,0.03,97,15290
1453,1450,0.08,0.03,96,15300
1445,1450,0.08,0.03,97,15310
1441,1450,0.08,0.03,98,15320
1449,1450,0.08,0.03,97,15330
1441,1450,0.08,0.03,98,15340
1441,1450,0.08,0.03,98,15350
1441,1450,0.08,0.03,98,15360
1445,1450,0.08,0.03,98,15370
1449,1450,0.08,0.03,98,15380
1458,1450,0.08,0.03,97,15390
1453,1450,0.08,0.03,97,15400
1458,1450,0.08,0.03,97,15410
1462,1450,0.08,0.03,96,15420
1466,1450,0.08,0.03,95,15430
1484,1450,0.08,0.03,93,15440
1479,1450,0.08,0.03,92,15450
1484,1400,0.08,0.03,85,15460
1484,1400,0.08,0.03,83,15470
1471,1450,0.08,0.03,87,15480
1455,1450,0.08,0.03,88,15490
1453,1400,0.08,0.03,83,15500
1445,1450,0.08,0.03,88,15510
1433,1450,0.08,0.03,89,15520
1445,1450,0.08,0.03,88,15530
1444,1450,0.08,0.03,89,15540
1441,1450,0.08,0.03,89,15550
1458,1400,0.08,0.03,82,15560
1453,1400,0.08,0.03,81,15570
1458,1350,0.08,0.03,73,15580
1449,1450,0.08,0.03,82,15590
1441,1450,0.08,0.03,83,15600
1401,1450,0.08,0.03,88,15610
1359,1450,0.08,0.03,94,15620
1309,1450,0.08,0.03,100,15630
1276,1450,0.08,0.03,100,15640
1266,1450,0.08,0.03,100,15650
1247,1450,0.08,0.03,100,15660
1232,1450,0.08,0.03,100,15670
1221,1450,0.08,0.03,100,15680
1202,1450,0.08,0.03,100,15690
1198,1450,0.08,0.03,100,15700
1195,1450,0.08,0.03,100,15710
1195,1450,0.08,0.03,100,15720
1200,1450,0.08,0.03,100,15730
1220,1450,0.08,0.03,100,15740
1254,1450,0.08,0.03,100,15750
1298,1450,0.08,0.03,100,15760
1328,1450,0.08,0.03,100,15770
1386,1450,0.08,0.03,97,15780
1405,1450,0.08,0.03,97,15790
2890,1450,0.08,0.03,0,15800
1447,1400,0.08,0.03,88,15810
1462,1400,0.08,0.03,85,15820
1515,1450,0.08,0.03,83,15830
1584,1500,0.08,0.03,79,15840
1613,1450,0.08,0.03,68,15850
1634,1400,0.08,0.03,55,15860
1623,1400,0.08,0.03,49,15870
1621,1450,0.08,0.03,48,15880
1599,1450,0.08,0.03,45,15890
1584,1400,0.08,0.03,37,15900
1543,1400,0.08,0.03,36,15910
1502,1400,0.08,0.03,36,15920
1466,1400,0.08,0.03,37,15930
1416,1400,0.08,0.03,41,15940
1396,1400,0.08,0.03,42,15950
1370,1400,0.08,0.03,45,15960
1333,1450,0.08,0.03,56,15970
1312,1400,0.08,0.03,56,15980
1304,1450,0.08,0.03,65,15990
1285,1450,0.08,0.03,72,16000
1299,1500,0.08,0.03,81,16010
1311,1350,0.08,0.03,69,16020
1326,1450,0.08,0.03,79,16030
1346,1400,0.08,0.03,75,16040
1348,1450,0.08,0.03,82,16050
1359,1400,0.08,0.03,79,16060
1374,1400,0.08,0.03,78,16070
1370,1450,0.08,0.03,85,16080
1374,1400,0.08,0.03,81,16090
1374,1450,0.08,0.03,88,16100
1362,1400,0.08,0.03,86,16110
1351,1450,0.08,0.03,94,16120
1359,1450,0.08,0.03,96,16130
1366,1450,0.08,0.03,98,16140
1377,1450,0.08,0.03,99,16150
1397,1450,0.08,0.03,99,16160
1420,1450,0.08,0.03,98,16170
1437,1450,0.08,0.03,97,16180
1458,1450,0.08,0.03,95,16190
1475,1450,0.08,0.03,93,16200
1490,1450,0.08,0.03,91,16210
1506,1400,0.08,0.03,82,16220
1502,1450,0.08,0.03,85,16230
1497,1400,0.08,0.03,78,16240
3044,1450,0.08,0.03,0,16250
1457,1400,0.08,0.03,80,16260
1412,1350,0.08,0.03,78,16270
1420,1450,0.08,0.03,86,16280
1423,1400,0.08,0.03,81,16290
1416,1400,0.08,0.03,81,16300
1433,1450,0.08,0.03,84,16310
1433,1500,0.08,0.03,90,16320
1434,1400,0.08,0.03,81,16330
1449,1450,0.08,0.03,84,16340
1453,1400,0.08,0.03,78,16350
1449,1350,0.08,0.03,71,16360
1441,1500,0.08,0.03,86,16370
1425,1400,0.08,0.03,78,16380
1416,1500,0.08,0.03,89,16390
1409,1400,0.08,0.03,82,16400
1397,1400,0.08,0.03,83,16410
1393,1450,0.08,0.03,89,16420
1388,1450,0.08,0.03,91,16430
1376,1400,0.08,0.03,89,16440
1366,1400,0.08,0.03,91,16450
1355,1400,0.08,0.03,93,16460
1348,1400,0.08,0.03,95,16470
1340,1450,0.08,0.03,100,16480
1354,1450,0.08,0.03,100,16490
1360,1450,0.08,0.03,100,16500
1360,1450,0.08,0.03,100,16510
1383,1450,0.08,0.03,98,16520
1000000,1450,0.08,0.03,0,16530
1346,1400,0.08,0.03,99,16540
1316,1450,0.08,0.03,100,16550
1332,1450,0.08,0.03,100,16560
1342,1450,0.08,0.03,100,16570
1356,1450,0.08,0.03,100,16580
1365,1450,0.08,0.03,100,16590
1375,1450,0.08,0.03,100,16600
1393,1450,0.08,0.03,100,16610
1407,1450,0.08,0.03,100,16620
1403,1450,0.08,0.03,100,16630
1415,1450,0.08,0.03,100,16640
1425,1450,0.08,0.03,100,16650
1421,1450,0.08,0.03,100,16660
1431,1450,0.08,0.03,100,16670
1449,1450,0.08,0.03,98,16680
1445,1450,0.08,0.03,99,16690
1463,1450,0.08,0.03,97,16700
1466,1450,0.08,0.03,96,16710
1466,1450,0.08,0.03,96,16720
1471,1450,0.08,0.03,95,16730
1460,1450,0.08,0.03,95,16740
1468,1450,0.08,0.03,94,16750
1475,1400,0.08,0.03,87,16760
1466,1450,0.08,0.03,92,16770
1479,1400,0.08,0.03,84,16780
2924,1500,0.08,0.03,0,16790
1430,1400,0.08,0.03,87,16800
1393,1450,0.08,0.03,96,16810
1389,1450,0.08,0.03,98,16820
1397,1450,0.08,0.03,99,16830
1420,1450,0.08,0.03,98,16840
1425,1450,0.08,0.03,98,16850
1431,1450,0.08,0.03,99,16860
1449,1450,0.08,0.03,97,16870
1445,1450,0.08,0.03,98,16880
1445,1450,0.08,0.03,98,16890
1449,1450,0.08,0.03,97,16900
1441,1450,0.08,0.03,98,16910
1429,1450,0.08,0.03,100,16920
1433,1450,0.08,0.03,100,16930
1436,1450,0.08,0.03,100,16940
1433,1450,0.08,0.03,100,16950
1446,1450,0.08,0.03,99,16960
1449,1450,0.08,0.03,99,16970
1445,1450,0.08,0.03,99,16980
1455,1450,0.08,0.03,98,16990
1453,1450,0.08,0.03,98,17000
1465,1450,0.08,0.03,97,17010
1474,1450,0.08,0.03,96,17020
1479,1450,0.08,0.03,94,17030
2924,1450,0.08,0.03,0,17040
1472,1400,0.08,0.03,89,17050
1408,1400,0.08,0.03,94,17060
1416,1450,0.08,0.03,98,17070
1426,1450,0.08,0.03,98,17080
1441,1450,0.08,0.03,97,17090
1458,1450,0.08,0.03,95,17100
1471,1450,0.08,0.03,94,17110
1479,1450,0.08,0.03,92,17120
1495,1500,0.08,0.03,95,17130
1497,1450,0.08,0.03,90,17140
1502,1400,0.08,0.03,82,17150
1511,1450,0.08,0.03,84,17160
1520,1450,0.08,0.03,81,17170
1515,1350,0.08,0.03,68,17180
1511,1450,0.08,0.03,75,17190
1502,1450,0.08,0.03,74,17200
1495,1450,0.08,0.03,73,17210
1484,1450,0.08,0.03,73,17220
1462,1450,0.08,0.03,74,17230
1462,1450,0.08,0.03,74,17240
1445,1450,0.08,0.03,75,17250
1437,1450,0.08,0.03,77,17260
1433,1450,0.08,0.03,77,17270
1415,1450,0.08,0.03,80,17280
1404,1450,0.08,0.03,82,17290
1397,1450,0.08,0.03,84,17300
1393,1450,0.08,0.03,86,17310
1392,1450,0.08,0.03,88,17320
1404,1400,0.08,0.03,83,17330
1400,1450,0.08,0.03,89,17340
1399,1450,0.08,0.03,90,17350
1412,1400,0.08,0.03,85,17360
1408,1500,0.08,0.03,96,17370
1420,1450,0.08,0.03,92,17380
1445,1400,0.08,0.03,85,17390
1445,1500,0.08,0.03,94,17400
1455,1450,0.08,0.03,89,17410
1472,1400,0.08,0.03,82,17420
1471,1450,0.08,0.03,85,17430
1471,1400,0.08,0.03,79,17440
1472,1450,0.08,0.03,82,17450
1475,1450,0.08,0.03,81,17460
1466,1450,0.08,0.03,82,17470
1475,1450,0.08,0.03,80,17480
1475,1400,0.08,0.03,74,17490
1478,1450,0.08,0.03,77,17500
1471,1350,0.08,0.03,66,17510
1444,1450,0.08,0.03,76,17520
1449,1450,0.08,0.03,76,17530
1449,1450,0.08,0.03,76,17540
1433,1500,0.08,0.03,83,17550
1438,1400,0.08,0.03,74,17560
1433,1350,0.08,0.03,67,17570
1416,1400,0.08,0.03,72,17580
1411,1450,0.08,0.03,78,17590
1385,1450,0.08,0.03,82,17600
1381,1450,0.08,0.03,84,17610
1389,1450,0.08,0.03,85,17620
1385,1450,0.08,0.03,88,17630
1385,1450,0.08,0.03,90,17640
1402,1450,0.08,0.03,90,17650
1412,1400,0.08,0.03,85,17660
1416,1350,0.08,0.03,78,17670
1429,1450,0.08,0.03,86,17680
1425,1400,0.08,0.03,82,17690
1429,1450,0.08,0.03,86,17700
1445,1400,0.08,0.03,79,17710
1441,1400,0.08,0.03,78,17720
1441,1450,0.08,0.03,83,17730
1449,1450,0.08,0.03,82,17740
1446,1450,0.08,0.03,82,17750
1445,1450,0.08,0.03,83,17760
1453,1450,0.08,0.03,82,17770
1453,1450,0.08,0.03,82,17780
1443,1400,0.08,0.03,77,17790
1445,1400,0.08,0.03,76,17800
1437,1450,0.08,0.03,81,17810
1423,1450,0.08,0.03,83,17820
1437,1450,0.08,0.03,83,17830
1437,1450,0.08,0.03,83,17840
1433,1450,0.08,0.03,83,17850
1451,1450,0.08,0.03,82,17860
1453,1450,0.08,0.03,82,17870
1458,1450,0.08,0.03,81,17880
1458,1400,0.08,0.03,75,17890
1453,1400,0.08,0.03,74,17900
1440,1450,0.08,0.03,79,17910
1436,1400,0.08,0.03,75,17920
1416,1400,0.08,0.03,76,17930
1420,1400,0.08,0.03,75,17940
1416,1350,0.08,0.03,69,17950
1385,1450,0.08,0.03,82,17960
1393,1450,0.08,0.03,83,17970
1393,1450,0.08,0.03,84,17980
1381,1450,0.08,0.03,87,17990
1397,1450,0.08,0.03,88,18000
1408,1450,0.08,0.03,88,18010
1408,1450,0.08,0.03,89,18020
1429,1450,0.08,0.03,88,18030
1441,1450,0.08,0.03,88,18040
1441,1400,0.08,0.03,82,18050
1451,1450,0.08,0.03,86,18060
1449,1450,0.08,0.03,86,18070
1453,1450,0.08,0.03,85,18080
1462,1450,0.08,0.03,84,18090
1471,1450,0.08,0.03,83,18100
1468,1500,0.08,0.03,88,18110
1479,1400,0.08,0.03,77,18120
1475,1450,0.08,0.03,80,18130
1471,1450,0.08,0.03,80,18140
1474,1450,0.08,0.03,79,18150
1479,1450,0.08,0.03,78,18160
1466,1450,0.08,0.03,78,18170
1475,1350,0.08,0.03,66,18180
1466,1400,0.08,0.03,69,18190
1437,1350,0.08,0.03,64,18200
666667,1450,0.08,0.03,0,18210
1397,1400,0.08,0.03,72,18220
1355,1350,0.08,0.03,71,18230
1359,1450,0.08,0.03,81,18240
1361,1450,0.08,0.03,84,18250
1362,1450,0.08,0.03,86,18260
1396,1450,0.08,0.03,85,18270
1404,1450,0.08,0.03,86,18280
1404,1450,0.08,0.03,87,18290
1433,1450,0.08,0.03,86,18300
1440,1450,0.08,0.03,85,18310
2920,1400,0.08,0.03,0,18320
1420,1400,0.08,0.03,82,18330
1404,1350,0.08,0.03,78,18340
1411,1450,0.08,0.03,88,18350
1429,1400,0.08,0.03,81,18360
1437,1400,0.08,0.03,79,18370
1444,1500,0.08,0.03,88,18380
1449,1450,0.08,0.03,84,18390
1462,1350,0.08,0.03,71,18400
1462,1400,0.08,0.03,73,18410
1457,1500,0.08,0.03,83,18420
1449,1350,0.08,0.03,69,18430
1458,1350,0.08,0.03,65,18440
1420,1350,0.08,0.03,66,18450
1402,1400,0.08,0.03,71,18460
1404,1350,0.08,0.03,65,18470
666667,1450,0.08,0.03,0,18480
1346,1400,0.08,0.03,76,18490
1333,1450,0.08,0.03,84,18500
1334,1400,0.08,0.03,82,18510
1344,1450,0.08,0.03,88,18520
1366,1400,0.08,0.03,84,18530
1381,1450,0.08,0.03,88,18540
1389,1400,0.08,0.03,84,18550
1404,1450,0.08,0.03,88,18560
1418,1450,0.08,0.03,88,18570
1425,1450,0.08,0.03,88,18580
500000,1450,0.08,0.03,0,18590
1427,1400,0.08,0.03,83,18600
1385,1350,0.08,0.03,82,18610
1401,1450,0.08,0.03,90,18620
2778,1400,0.08,0.03,0,18630
1376,1400,0.08,0.03,89,18640
1385,1450,0.08,0.03,94,18650
1403,1450,0.08,0.03,94,18660
1425,1450,0.08,0.03,93,18670
1445,1400,0.08,0.03,86,18680
1457,1400,0.08,0.03,83,18690
1453,1350,0.08,0.03,76,18700
1462,1400,0.08,0.03,78,18710
1452,1450,0.08,0.03,83,18720
1449,1450,0.08,0.03,83,18730
1461,1400,0.08,0.03,76,18740
1462,1400,0.08,0.03,74,18750
1453,1350,0.08,0.03,68,18760
1445,1400,0.08,0.03,71,18770
1430,1400,0.08,0.03,71,18780
1416,1350,0.08,0.03,66,18790
2833,1500,0.08,0.03,0,18800
1364,1400,0.08,0.03,76,18810
1337,1450,0.08,0.03,85,18820
1350,1450,0.08,0.03,87,18830
1362,1400,0.08,0.03,83,18840
1374,1350,0.08,0.03,78,18850
1384,1350,0.08,0.03,76,18860
1381,1450,0.08,0.03,86,18870
1386,1450,0.08,0.03,88,18880
1412,1400,0.08,0.03,81,18890
1416,1450,0.08,0.03,86,18900
2000000,1450,0.08,0.03,0,18910
1396,1400,0.08,0.03,84,18920
1381,1450,0.08,0.03,91,18930
1397,1450,0.08,0.03,91,18940
1422,1450,0.08,0.03,90,18950
1429,1450,0.08,0.03,90,18960
1441,1450,0.08,0.03,89,18970
1461,1450,0.08,0.03,88,18980
1476,1450,0.08,0.03,86,18990
2976,1450,0.08,0.03,0,19000
1464,1400,0.08,0.03,81,19010
1439,1350,0.08,0.03,76,19020
1439,1500,0.08,0.03,90,19030
1458,1450,0.08,0.03,84,19040
1462,1500,0.08,0.03,89,19050
1472,1400,0.08,0.03,78,19060
1479,1400,0.08,0.03,75,19070
1462,1400,0.08,0.03,74,19080
1453,1450,0.08,0.03,79,19090
1437,1450,0.08,0.03,81,19100
1425,1450,0.08,0.03,82,19110
1441,1450,0.08,0.03,81,19120
2874,1400,0.08,0.03,0,19130
1406,1400,0.08,0.03,80,19140
1394,1450,0.08,0.03,86,19150
1393,1450,0.08,0.03,87,19160
1399,1450,0.08,0.03,89,19170
1418,1400,0.08,0.03,83,19180
1420,1350,0.08,0.03,77,19190
1417,1350,0.08,0.03,75,19200
1420,1350,0.08,0.03,73,19210
1401,1450,0.08,0.03,84,19220
1401,1450,0.08,0.03,85,19230
1408,1450,0.08,0.03,86,19240
1408,1400,0.08,0.03,81,19250
1412,1450,0.08,0.03,86,19260
666667,1450,0.08,0.03,0,19270
1391,1400,0.08,0.03,84,19280
1389,1450,0.08,0.03,90,19290
1412,1400,0.08,0.03,84,19300
1412,1450,0.08,0.03,89,19310
1416,1450,0.08,0.03,90,19320
1433,1450,0.08,0.03,89,19330
1429,1450,0.08,0.03,90,19340
1441,1450,0.08,0.03,89,19350
1466,1400,0.08,0.03,81,19360
1470,1450,0.08,0.03,85,19370
1477,1450,0.08,0.03,83,19380
1484,1350,0.08,0.03,71,19390
1475,1450,0.08,0.03,79,19400
1462,1400,0.08,0.03,74,19410
1462,1450,0.08,0.03,77,19420
1458,1400,0.08,0.03,72,19430
1453,1450,0.08,0.03,76,19440
1445,1400,0.08,0.03,72,19450
1436,1400,0.08,0.03,71,19460
1416,1450,0.08,0.03,78,19470
1416,1450,0.08,0.03,79,19480
1412,1450,0.08,0.03,80,19490
1420,1350,0.08,0.03,69,19500
1416,1450,0.08,0.03,79,19510
1412,1450,0.08,0.03,80,19520
1418,1450,0.08,0.03,81,19530
1420,1450,0.08,0.03,81,19540
1428,1450,0.08,0.03,82,19550
1428,1450,0.08,0.03,82,19560
1449,1450,0.08,0.03,81,19570
1445,1450,0.08,0.03,81,19580
1458,1450,0.08,0.03,80,19590
1453,1350,0.08,0.03,69,19600
1432,1400,0.08,0.03,74,19610
1433,1450,0.08,0.03,78,19620
1420,1450,0.08,0.03,80,19630
1419,1400,0.08,0.03,76,19640
1425,1450,0.08,0.03,80,19650
1416,1400,0.08,0.03,76,19660
1412,1400,0.08,0.03,76,19670
1412,1450,0.08,0.03,81,19680
1412,1450,0.08,0.03,82,19690
1412,1450,0.08,0.03,83,19700
1437,1350,0.08,0.03,71,19710
1420,1450,0.08,0.03,81,19720
1417,1400,0.08,0.03,77,19730
1416,1400,0.08,0.03,76,19740
1408,1400,0.08,0.03,77,19750
1401,1400,0.08,0.03,77,19760
1408,1450,0.08,0.03,82,19770
1408,1450,0.08,0.03,83,19780
1413,1450,0.08,0.03,84,19790
1428,1450,0.08,0.03,83,19800
1425,1450,0.08,0.03,84,19810
1429,1450,0.08,0.03,85,19820
1444,1450,0.08,0.03,84,19830
2907,1450,0.08,0.03,0,19840
1420,1400,0.08,0.03,81,19850
1404,1400,0.08,0.03,82,19860
1411,1450,0.08,0.03,87,19870
1413,1450,0.08,0.03,88,19880
1437,1450,0.08,0.03,87,19890
1440,1450,0.08,0.03,87,19900
1441,1350,0.08,0.03,76,19910
1449,1450,0.08,0.03,83,19920
1449,1450,0.08,0.03,83,19930
1456,1400,0.08,0.03,77,19940
1453,1350,0.08,0.03,70,19950
1441,1400,0.08,0.03,74,19960
1420,1450,0.08,0.03,80,19970
1416,1500,0.08,0.03,87,19980
1408,1450,0.08,0.03,85,19990
1412,1400,0.08,0.03,80,20000
1420,1450,0.08,0.03,85,20010
1404,1450,0.08,0.03,87,20020
1420,1450,0.08,0.03,87,20030
1429,1450,0.08,0.03,87,20040
1429,1450,0.08,0.03,87,20050
1437,1450,0.08,0.03,87,20060
1445,1400,0.08,0.03,81,20070
1432,1450,0.08,0.03,87,20080
1440,1450,0.08,0.03,86,20090
1433,1350,0.08,0.03,77,20100
1413,1400,0.08,0.03,82,20110
1408,1450,0.08,0.03,87,20120
1377,1400,0.08,0.03,86,20130
1358,1450,0.08,0.03,95,20140
1342,1450,0.08,0.03,99,20150
1334,1450,0.08,0.03,100,20160
1325,1450,0.08,0.03,100,20170
1334,1450,0.08,0.03,100,20180
1341,1450,0.08,0.03,100,20190
1329,1450,0.08,0.03,100,20200
1340,1450,0.08,0.03,100,20210
1342,1450,0.08,0.03,100,20220
1338,1450,0.08,0.03,100,20230
1334,1450,0.08,0.03,100,20240
1354,1450,0.08,0.03,100,20250
1345,1450,0.08,0.03,100,20260
1349,1450,0.08,0.03,100,20270
1364,1450,0.08,0.03,100,20280
1364,1450,0.08,0.03,100,20290
1366,1450,0.08,0.03,100,20300
1369,1450,0.08,0.03,100,20310
1364,1450,0.08,0.03,100,20320
1366,1400,0.08,0.03,97,20330
1366,1450,0.08,0.03,100,20340
1373,1450,0.08,0.03,100,20350
1367,1450,0.08,0.03,100,20360
1378,1450,0.08,0.03,100,20370
1375,1450,0.08,0.03,100,20380
1377,1450,0.08,0.03,100,20390
1382,1450,0.08,0.03,100,20400
1375,1450,0.08,0.03,100,20410
1378,1450,0.08,0.03,100,20420
1386,1450,0.08,0.03,100,20430
1378,1450,0.08,0.03,100,20440
1386,1450,0.08,0.03,100,20450
1398,1450,0.08,0.03,100,20460
1393,1450,0.08,0.03,100,20470
1395,1450,0.08,0.03,100,20480
1404,1450,0.08,0.03,100,20490
1414,1450,0.08,0.03,100,20500
1416,1450,0.08,0.03,100,20510
1434,1450,0.08,0.03,99,20520
1450,1450,0.08,0.03,97,20530
1449,1450,0.08,0.03,97,20540
1462,1450,0.08,0.03,96,20550
1449,1450,0.08,0.03,97,20560
1000000,1450,0.08,0.03,0,20570
1397,1400,0.08,0.03,97,20580
1366,1450,0.08,0.03,100,20590
1371,1450,0.08,0.03,100,20600
1397,1450,0.08,0.03,100,20610
1408,1450,0.08,0.03,100,20620
1406,1450,0.08,0.03,100,20630
1428,1450,0.08,0.03,100,20640
1429,1450,0.08,0.03,100,20650
1439,1450,0.08,0.03,99,20660
1452,1450,0.08,0.03,98,20670
1453,1450,0.08,0.03,98,20680
1471,1450,0.08,0.03,96,20690
1479,1400,0.08,0.03,89,20700
1475,1400,0.08,0.03,87,20710
1475,1350,0.08,0.03,79,20720
2963,1450,0.08,0.03,0,20730
1414,1400,0.08,0.03,87,20740
1378,1400,0.08,0.03,91,20750
1362,1400,0.08,0.03,93,20760
2000000,1450,0.08,0.03,0,20770
1327,1400,0.08,0.03,98,20780
500000,1450,0.08,0.03,0,20790
1261,1400,0.08,0.03,100,20800
1232,1450,0.08,0.03,100,20810
1270,1450,0.08,0.03,100,20820
1285,1450,0.08,0.03,100,20830
1304,1450,0.08,0.03,100,20840
1327,1450,0.08,0.03,100,20850
1363,1450,0.08,0.03,100,20860
1374,1450,0.08,0.03,100,20870
1411,1450,0.08,0.03,97,20880
1437,1450,0.08,0.03,95,20890
1441,1450,0.08,0.03,95,20900
1462,1450,0.08,0.03,93,20910
1475,1450,0.08,0.03,91,20920
1475,1400,0.08,0.03,85,20930
1506,1350,0.08,0.03,74,20940
1511,1450,0.08,0.03,80,20950
1515,1450,0.08,0.03,77,20960
1529,1400,0.08,0.03,68,20970
1529,1450,0.08,0.03,70,20980
1534,1450,0.08,0.03,67,20990
1515,1450,0.08,0.03,67,21000
1484,1450,0.08,0.03,68,21010
1474,1450,0.08,0.03,68,21020
1466,1450,0.08,0.03,68,21030
1449,1450,0.08,0.03,70,21040
1458,1400,0.08,0.03,63,21050
1481,1400,0.08,0.03,59,21060
1477,1400,0.08,0.03,57,21070
1493,1400,0.08,0.03,53,21080
1506,1450,0.08,0.03,54,21090
1502,1450,0.08,0.03,53,21100
1506,1400,0.08,0.03,45,21110
1495,1450,0.08,0.03,49,21120
1490,1450,0.08,0.03,48,21130
1462,1450,0.08,0.03,50,21140
1445,1400,0.08,0.03,46,21150
1404,1400,0.08,0.03,49,21160
1366,1400,0.08,0.03,53,21170
1337,1450,0.08,0.03,63,21180
1337,1350,0.08,0.03,55,21190
1309,1400,0.08,0.03,64,21200
1302,1450,0.08,0.03,73,21210
1316,1450,0.08,0.03,76,21220
1330,1450,0.08,0.03,79,21230
666667,1450,0.08,0.03,0,21240
1348,1400,0.08,0.03,75,21250
1361,1350,0.08,0.03,70,21260
1385,1400,0.08,0.03,72,21270
1408,1450,0.08,0.03,75,21280
1429,1450,0.08,0.03,74,21290
1453,1500,0.08,0.03,78,21300
1474,1350,0.08,0.03,60,21310
1473,1500,0.08,0.03,73,21320
1471,1450,0.08,0.03,69,21330
1485,1400,0.08,0.03,61,21340
1475,1350,0.08,0.03,54,21350
1466,1400,0.08,0.03,57,21360
1458,1450,0.08,0.03,61,21370
1451,1450,0.08,0.03,62,21380
1449,1400,0.08,0.03,57,21390
1457,1400,0.08,0.03,54,21400
1441,1400,0.08,0.03,54,21410
1433,1450,0.08,0.03,60,21420
1439,1450,0.08,0.03,59,21430
1457,1450,0.08,0.03,59,21440
1445,1450,0.08,0.03,59,21450
1462,1450,0.08,0.03,58,21460
1475,1450,0.08,0.03,56,21470
1466,1450,0.08,0.03,56,21480
1471,1450,0.08,0.03,55,21490
1474,1450,0.08,0.03,54,21500
1471,1450,0.08,0.03,54,21510
1471,1450,0.08,0.03,53,21520
1463,1450,0.08,0.03,0,21530
1451,1400,0.08,0.03,49,21540
1441,1450,0.08,0.03,54,21550
1420,1450,0.08,0.03,57,21560
1440,1400,0.08,0.03,50,21570
1437,1400,0.08,0.03,49,21580
1420,1400,0.08,0.03,50,21590
1426,1400,0.08,0.03,49,21600
1401,1450,0.08,0.03,56,21610
1404,1450,0.08,0.03,57,21620
1416,1450,0.08,0.03,57,21630
1405,1450,0.08,0.03,59,21640
1412,1450,0.08,0.03,60,21650
1429,1450,0.08,0.03,59,21660
1425,1500,0.08,0.03,66,21670
1432,1400,0.08,0.03,56,21680
3012,1450,0.08,0.03,0,21690
1418,1500,0.08,0.03,68,21700
1412,1450,0.08,0.03,66,21710
1437,1500,0.08,0.03,69,21720
1449,1550,0.08,0.03,76,21730
1475,1550,0.08,0.03,76,21740
1511,1550,0.08,0.03,74,21750
1543,1600,0.08,0.03,77,21760
1558,1550,0.08,0.03,72,21770
1597,1600,0.08,0.03,73,21780
1613,1600,0.08,0.03,71,21790
1639,1600,0.08,0.03,68,21800
1647,1600,0.08,0.03,66,21810
1652,1650,0.08,0.03,69,21820
1682,1650,0.08,0.03,66,21830
1688,1700,0.08,0.03,70,21840
1695,1700,0.08,0.03,69,21850
1706,1750,0.08,0.03,74,21860
1724,1700,0.08,0.03,68,21870
1747,1700,0.08,0.03,64,21880
1750,1700,0.08,0.03,63,21890
1765,1800,0.08,0.03,70,21900
1779,1800,0.08,0.03,70,21910
1799,1850,0.08,0.03,74,21920
1805,1850,0.08,0.03,75,21930
1825,1750,0.08,0.03,63,21940
1852,1900,0.08,0.03,74,21950
1866,1800,0.08,0.03,63,21960
1885,1900,0.08,0.03,70,21970
1901,1900,0.08,0.03,69,21980
1908,1900,0.08,0.03,68,21990
1923,1950,0.08,0.03,72,22000
1936,1850,0.08,0.03,60,22010
1925,1950,0.08,0.03,70,22020
1929,1950,0.08,0.03,70,22030
1959,1900,0.08,0.03,62,22040
1947,2000,0.08,0.03,72,22050
1974,1950,0.08,0.03,65,22060
1984,2000,0.08,0.03,69,22070
2012,2000,0.08,0.03,66,22080
2016,2000,0.08,0.03,66,22090
2049,2000,0.08,0.03,62,22100
2047,1950,0.08,0.03,55,22110
2066,1950,0.08,0.03,50,22120
500000,1950,0.08,0.03,0,22130
2043,1950,0.08,0.03,49,22140
2016,2000,0.08,0.03,54,22150
2000000,2000,0.08,0.03,0,22160
1992,1950,0.08,0.03,51,22170
2000,1950,0.08,0.03,49,22180
2010,1950,0.08,0.03,46,22190
1976,2000,0.08,0.03,53,22200
1984,2000,0.08,0.03,53,22210
1976,2000,0.08,0.03,55,22220
1961,2000,0.08,0.03,57,22230
1980,1900,0.08,0.03,45,22240
1963,2000,0.08,0.03,56,22250
1953,2000,0.08,0.03,58,22260
1961,2000,0.08,0.03,58,22270
1969,2000,0.08,0.03,59,22280
1980,1950,0.08,0.03,53,22290
1969,1950,0.08,0.03,53,22300
1980,2000,0.08,0.03,57,22310
1967,1950,0.08,0.03,54,22320
1980,2000,0.08,0.03,57,22330
1976,1950,0.08,0.03,53,22340
1978,2000,0.08,0.03,57,22350
1996,1950,0.08,0.03,50,22360
1984,2000,0.08,0.03,56,22370
1988,2000,0.08,0.03,56,22380
1984,2050,0.08,0.03,62,22390
2004,2050,0.08,0.03,62,22400
2002,2100,0.08,0.03,69,22410
2008,2100,0.08,0.03,71,22420
2041,2050,0.08,0.03,65,22430
2043,2050,0.08,0.03,65,22440
2077,2150,0.08,0.03,75,22450
2088,2150,0.08,0.03,74,22460
2134,2150,0.08,0.03,71,22470
2139,2250,0.08,0.03,82,22480
2183,2200,0.08,0.03,75,22490
2200,2300,0.08,0.03,84,22500
2252,2300,0.08,0.03,82,22510
2294,2300,0.08,0.03,78,22520
2320,2350,0.08,0.03,81,22530
2350,2350,0.08,0.03,79,22540
2387,2400,0.08,0.03,80,22550
2404,2400,0.08,0.03,79,22560
2439,2400,0.08,0.03,75,22570
2475,2350,0.08,0.03,64,22580
2488,2400,0.08,0.03,65,22590
2488,2450,0.08,0.03,67,22600
2488,2500,0.08,0.03,72,22610
2500,2500,0.08,0.03,71,22620
2522,2450,0.08,0.03,63,22630
2525,2550,0.08,0.03,71,22640
2538,2550,0.08,0.03,71,22650
2525,2600,0.08,0.03,78,22660
2538,2600,0.08,0.03,79,22670
2577,2550,0.08,0.03,71,22680
2601,2600,0.08,0.03,73,22690
5391,2650,0.08,0.03,0,22700
2567,2650,0.08,0.03,82,22710
666667,2650,0.08,0.03,0,22720
2581,2700,0.08,0.03,89,22730
2581,2650,0.08,0.03,87,22740
2618,2750,0.08,0.03,96,22750
2646,2750,0.08,0.03,97,22760
2703,2700,0.08,0.03,88,22770
2732,2750,0.08,0.03,90,22780
2747,2800,0.08,0.03,94,22790
2778,2850,0.08,0.03,98,22800
2809,2850,0.08,0.03,97,22810
2837,2900,0.08,0.03,100,22820
2899,2900,0.08,0.03,94,22830
2924,2900,0.08,0.03,91,22840
2941,2900,0.08,0.03,88,22850
2941,2950,0.08,0.03,93,22860
2972,2850,0.08,0.03,79,22870
2959,3000,0.08,0.03,93,22880
2941,2950,0.08,0.03,91,22890
2976,2900,0.08,0.03,83,22900
2972,3000,0.08,0.03,91,22910
2941,3000,0.08,0.03,95,22920
2976,3000,0.08,0.03,93,22930
2963,3050,0.08,0.03,100,22940
2985,3050,0.08,0.03,99,22950
2994,3050,0.08,0.03,100,22960
3012,3050,0.08,0.03,99,22970
3035,3100,0.08,0.03,100,22980
3053,3100,0.08,0.03,100,22990
3063,3150,0.08,0.03,100,23000
3077,3150,0.08,0.03,100,23010
3101,3100,0.08,0.03,96,23020
3091,3150,0.08,0.03,100,23030
3101,3150,0.08,0.03,100,23040
3096,3150,0.08,0.03,100,23050
3135,3200,0.08,0.03,100,23060
3125,3200,0.08,0.03,100,23070
3115,3250,0.08,0.03,100,23080
3140,3250,0.08,0.03,100,23090
3170,3250,0.08,0.03,100,23100
3175,3250,0.08,0.03,100,23110
3180,3250,0.08,0.03,100,23120
3190,3250,0.08,0.03,100,23130
3226,3250,0.08,0.03,99,23140
3205,3250,0.08,0.03,100,23150
3200,3250,0.08,0.03,100,23160
3226,3250,0.08,0.03,100,23170
3205,3250,0.08,0.03,100,23180
3221,3250,0.08,0.03,100,23190
3185,3250,0.08,0.03,100,23200
3221,3250,0.08,0.03,100,23210
500000,3250,0.08,0.03,0,23220
3155,3300,0.08,0.03,100,23230
3125,3250,0.08,0.03,100,23240
3150,3250,0.08,0.03,100,23250
3140,3250,0.08,0.03,100,23260
3175,3250,0.08,0.03,100,23270
3180,3250,0.08,0.03,100,23280
3155,3250,0.08,0.03,100,23290
3155,3250,0.08,0.03,100,23300
3160,3250,0.08,0.03,100,23310
3155,3250,0.08,0.03,100,23320
3135,3250,0.08,0.03,100,23330
3140,3250,0.08,0.03,100,23340
3125,3250,0.08,0.03,100,23350
3101,3250,0.08,0.03,100,23360
3086,3250,0.08,0.03,100,23370
3096,3250,0.08,0.03,100,23380
3091,3250,0.08,0.03,100,23390
3063,3250,0.08,0.03,100,23400
3058,3250,0.08,0.03,100,23410
3063,3250,0.08,0.03,100,23420
3072,3250,0.08,0.03,100,23430
3067,3250,0.08,0.03,100,23440
3063,3250,0.08,0.03,100,23450
3067,3150,0.08,0.03,100,23460
3086,3250,0.08,0.03,100,23470
3082,3250,0.08,0.03,100,23480
3082,3250,0.08,0.03,100,23490
3077,3250,0.08,0.03,100,23500
3110,3250,0.08,0.03,100,23510
3067,3250,0.08,0.03,100,23520
3106,3250,0.08,0.03,100,23530
3106,3250,0.08,0.03,100,23540
3106,3250,0.08,0.03,100,23550
3091,3250,0.08,0.03,100,23560
3125,3250,0.08,0.03,100,23570
3106,3250,0.08,0.03,100,23580
3140,3250,0.08,0.03,100,23590
3110,3250,0.08,0.03,100,23600
3140,3250,0.08,0.03,100,23610
3140,3250,0.08,0.03,100,23620
3130,3250,0.08,0.03,100,23630
3110,3250,0.08,0.03,100,23640
3130,3250,0.08,0.03,100,23650
3135,3250,0.08,0.03,100,23660
3125,3250,0.08,0.03,100,23670
3115,3250,0.08,0.03,100,23680
3110,3250,0.08,0.03,100,23690
3120,3250,0.08,0.03,100,23700
3125,3250,0.08,0.03,100,23710
3086,3250,0.08,0.03,100,23720
3125,3250,0.08,0.03,100,23730
3135,3250,0.08,0.03,100,23740
3115,3250,0.08,0.03,100,23750
3110,3250,0.08,0.03,100,23760
3160,3250,0.08,0.03,100,23770
3140,3250,0.08,0.03,100,23780
3140,3250,0.08,0.03,100,23790
3130,3250,0.08,0.03,100,23800
3150,3250,0.08,0.03,100,23810
3155,3250,0.08,0.03,100,23820
3155,3250,0.08,0.03,100,23830
3140,3250,0.08,0.03,100,23840
3170,3250,0.08,0.03,100,23850
3140,3250,0.08,0.03,100,23860
3170,3250,0.08,0.03,100,23870
3155,3250,0.08,0.03,100,23880
3145,3250,0.08,0.03,100,23890
3160,3250,0.08,0.03,100,23900
3175,3250,0.08,0.03,100,23910
3165,3300,0.08,0.03,100,23920
3170,3300,0.08,0.03,100,23930
3170,3300,0.08,0.03,100,23940
3190,3300,0.08,0.03,100,23950
3185,3300,0.08,0.03,100,23960
3175,3300,0.08,0.03,100,23970
3190,3300,0.08,0.03,100,23980
3200,3350,0.08,0.03,100,23990
3195,3350,0.08,0.03,100,24000
3185,3350,0.08,0.03,100,24010
3215,3400,0.08,0.03,100,24020
3190,3400,0.08,0.03,100,24030
3195,3400,0.08,0.03,100,24040
3180,3450,0.08,0.03,100,24050
3180,3350,0.08,0.03,100,24060
3190,3450,0.08,0.03,100,24070
3226,3450,0.08,0.03,100,24080
3215,3450,0.08,0.03,100,24090
3190,3450,0.08,0.03,100,24100
3226,3450,0.08,0.03,100,24110
3221,3450,0.08,0.03,100,24120
3226,3500,0.08,0.03,100,24130
3215,3500,0.08,0.03,100,24140
3252,3500,0.08,0.03,100,24150
3236,3500,0.08,0.03,100,24160
3268,3500,0.08,0.03,100,24170
3263,3550,0.08,0.03,100,24180
3268,3550,0.08,0.03,100,24190
3300,3550,0.08,0.03,100,24200
3311,3550,0.08,0.03,100,24210
3317,3550,0.08,0.03,100,24220
3333,3550,0.08,0.03,100,24230
3311,3550,0.08,0.03,100,24240
3350,3550,0.08,0.03,100,24250
3367,3550,0.08,0.03,100,24260
3361,3550,0.08,0.03,100,24270
3373,3550,0.08,0.03,100,24280
3367,3550,0.08,0.03,100,24290
3384,3550,0.08,0.03,100,24300
3378,3550,0.08,0.03,100,24310
3413,3550,0.08,0.03,100,24320
3401,3550,0.08,0.03,100,24330
3401,3550,0.08,0.03,100,24340
3407,3550,0.08,0.03,100,24350
3419,3600,0.08,0.03,100,24360
3454,3550,0.08,0.03,100,24370
3436,3550,0.08,0.03,100,24380
3460,3550,0.08,0.03,100,24390
3460,3550,0.08,0.03,100,24400
3466,3550,0.08,0.03,100,24410
3497,3550,0.08,0.03,100,24420
3527,3550,0.08,0.03,100,24430
3534,3550,0.08,0.03,99,24440
3527,3550,0.08,0.03,100,24450
3527,3550,0.08,0.03,100,24460
3527,3550,0.08,0.03,100,24470
3559,3550,0.08,0.03,97,24480
3534,3600,0.08,0.03,100,24490
3559,3550,0.08,0.03,97,24500
3552,3600,0.08,0.03,100,24510
3552,3550,0.08,0.03,97,24520
3521,3550,0.08,0.03,100,24530
3534,3550,0.08,0.03,99,24540
3559,3550,0.08,0.03,97,24550
3521,3550,0.08,0.03,100,24560
3546,3550,0.08,0.03,98,24570
3521,3550,0.08,0.03,100,24580
3521,3550,0.08,0.03,100,24590
3521,3600,0.08,0.03,100,24600
3546,3550,0.08,0.03,98,24610
500000,3550,0.08,0.03,0,24620
3460,3650,0.08,0.03,100,24630
3442,3550,0.08,0.03,100,24640
3436,3550,0.08,0.03,100,24650
3425,3550,0.08,0.03,100,24660
3448,3550,0.08,0.03,100,24670
3431,3550,0.08,0.03,100,24680
3460,3600,0.08,0.03,100,24690
3442,3550,0.08,0.03,100,24700
3448,3550,0.08,0.03,100,24710
3448,3600,0.08,0.03,100,24720
3484,3550,0.08,0.03,100,24730
3460,3550,0.08,0.03,100,24740
3490,3550,0.08,0.03,100,24750
3472,3550,0.08,0.03,100,24760
3448,3550,0.08,0.03,100,24770
3448,3550,0.08,0.03,100,24780
3442,3550,0.08,0.03,100,24790
3401,3550,0.08,0.03,100,24800
3407,3550,0.08,0.03,100,24810
3367,3500,0.08,0.03,100,24820
3339,3500,0.08,0.03,100,24830
666667,3500,0.08,0.03,0,24840
3263,3600,0.08,0.03,100,24850
3273,3550,0.08,0.03,100,24860
3273,3500,0.08,0.03,100,24870
3257,3500,0.08,0.03,100,24880
3306,3500,0.08,0.03,100,24890
3289,3500,0.08,0.03,0,24900
3247,3600,0.08,0.03,100,24910
3221,3500,0.08,0.03,100,24920
3215,3450,0.08,0.03,100,24930
3231,3500,0.08,0.03,100,24940
3231,3500,0.08,0.03,100,24950
3257,3500,0.08,0.03,100,24960
3257,3500,0.08,0.03,100,24970
3289,3500,0.08,0.03,100,24980
3284,3500,0.08,0.03,100,24990
3311,3500,0.08,0.03,100,25000
3322,3500,0.08,0.03,100,25010
3311,3500,0.08,0.03,100,25020
3350,3500,0.08,0.03,100,25030
3367,3500,0.08,0.03,100,25040
3373,3500,0.08,0.03,100,25050
3384,3500,0.08,0.03,100,25060
3401,3500,0.08,0.03,100,25070
3425,3500,0.08,0.03,100,25080
3413,3500,0.08,0.03,100,25090
3454,3500,0.08,0.03,100,25100
3442,3500,0.08,0.03,100,25110
3442,3500,0.08,0.03,100,25120
3466,3500,0.08,0.03,100,25130
3472,3500,0.08,0.03,100,25140
3466,3500,0.08,0.03,100,25150
3484,3500,0.08,0.03,100,25160
3478,3500,0.08,0.03,100,25170
3478,3500,0.08,0.03,100,25180
3466,3500,0.08,0.03,100,25190
3478,3500,0.08,0.03,100,25200
3442,3500,0.08,0.03,100,25210
3419,3500,0.08,0.03,100,25220
3390,3500,0.08,0.03,100,25230
3339,3500,0.08,0.03,100,25240
6757,3500,0.08,0.03,0,25250
3231,3600,0.08,0.03,100,25260
3226,3500,0.08,0.03,100,25270
3195,3500,0.08,0.03,100,25280
3180,3500,0.08,0.03,100,25290
3215,3500,0.08,0.03,100,25300
3200,3500,0.08,0.03,100,25310
3210,3500,0.08,0.03,100,25320
3221,3500,0.08,0.03,100,25330
3210,3500,0.08,0.03,100,25340
3215,3500,0.08,0.03,100,25350
3241,3500,0.08,0.03,100,25360
3221,3500,0.08,0.03,100,25370
3210,3500,0.08,0.03,100,25380
3221,3500,0.08,0.03,100,25390
3215,3500,0.08,0.03,100,25400
3190,3500,0.08,0.03,100,25410
3155,3500,0.08,0.03,100,25420
3160,3500,0.08,0.03,100,25430
3140,3500,0.08,0.03,100,25440
3125,3500,0.08,0.03,100,25450
3077,3500,0.08,0.03,100,25460
3091,3500,0.08,0.03,100,25470
3077,3500,0.08,0.03,100,25480
3067,3500,0.08,0.03,100,25490
3049,3500,0.08,0.03,100,25500
3058,3500,0.08,0.03,100,25510
3040,3500,0.08,0.03,100,25520
3035,3500,0.08,0.03,100,25530
2985,3500,0.08,0.03,100,25540
2994,3450,0.08,0.03,100,25550
3008,3500,0.08,0.03,100,25560
2967,3500,0.08,0.03,100,25570
2981,3500,0.08,0.03,100,25580
2963,3500,0.08,0.03,100,25590
2933,3500,0.08,0.03,100,25600
2911,3500,0.08,0.03,100,25610
2915,3500,0.08,0.03,100,25620
2890,3500,0.08,0.03,100,25630
2869,3500,0.08,0.03,100,25640
2869,3500,0.08,0.03,100,25650
2841,3500,0.08,0.03,100,25660
2821,3500,0.08,0.03,100,25670
2817,3500,0.08,0.03,100,25680
2813,3500,0.08,0.03,100,25690
2789,3500,0.08,0.03,100,25700
2789,3500,0.08,0.03,100,25710
2786,3500,0.08,0.03,100,25720
2762,3500,0.08,0.03,100,25730
2766,3500,0.08,0.03,100,25740
2755,3500,0.08,0.03,100,25750
2736,3500,0.08,0.03,100,25760
2751,3500,0.08,0.03,100,25770
2740,3500,0.08,0.03,100,25780
2721,3500,0.08,0.03,100,25790
2714,3500,0.08,0.03,100,25800
2714,3500,0.08,0.03,100,25810
2695,3500,0.08,0.03,100,25820
2685,3500,0.08,0.03,100,25830
2688,3500,0.08,0.03,100,25840
2670,3500,0.08,0.03,100,25850
2681,3500,0.08,0.03,100,25860
2670,3500,0.08,0.03,100,25870
2677,3500,0.08,0.03,100,25880
2677,3500,0.08,0.03,100,25890
2674,3500,0.08,0.03,100,25900
2717,3500,0.08,0.03,100,25910
2703,3500,0.08,0.03,100,25920
2706,3500,0.08,0.03,100,25930
2740,3500,0.08,0.03,100,25940
2751,3500,0.08,0.03,100,25950
2770,3500,0.08,0.03,100,25960
2829,3500,0.08,0.03,100,25970
2849,3500,0.08,0.03,100,25980
2878,3500,0.08,0.03,100,25990
2946,3500,0.08,0.03,100,26000
2972,3500,0.08,0.03,100,26010
2985,3500,0.08,0.03,100,26020
3003,3500,0.08,0.03,100,26030
3012,3500,0.08,0.03,100,26040
3040,3500,0.08,0.03,100,26050
3026,3500,0.08,0.03,100,26060
3017,3450,0.08,0.03,100,26070
3017,3500,0.08,0.03,100,26080
3008,3500,0.08,0.03,100,26090
3012,3500,0.08,0.03,100,26100
3049,3450,0.08,0.03,100,26110
3053,3450,0.08,0.03,100,26120
3063,3450,0.08,0.03,100,26130
3063,3450,0.08,0.03,100,26140
3106,3450,0.08,0.03,100,26150
3110,3400,0.08,0.03,100,26160
3106,3400,0.08,0.03,100,26170
3091,3400,0.08,0.03,100,26180
3096,3400,0.08,0.03,100,26190
3110,3400,0.08,0.03,100,26200
3110,3350,0.08,0.03,100,26210
3096,3350,0.08,0.03,100,26220
3106,3350,0.08,0.03,100,26230
3125,3300,0.08,0.03,100,26240
3120,3300,0.08,0.03,100,26250
3120,3300,0.08,0.03,100,26260
3130,3300,0.08,0.03,100,26270
3165,3250,0.08,0.03,100,26280
3155,3250,0.08,0.03,100,26290
3165,3250,0.08,0.03,100,26300
3210,3200,0.08,0.03,97,26310
3185,3200,0.08,0.03,100,26320
3185,3200,0.08,0.03,100,26330
3190,3200,0.08,0.03,100,26340
3205,3150,0.08,0.03,93,26350
3185,3150,0.08,0.03,93,26360
3185,3150,0.08,0.03,92,26370
3155,3100,0.08,0.03,89,26380
3165,3150,0.08,0.03,92,26390
3130,3100,0.08,0.03,88,26400
3115,3100,0.08,0.03,90,26410
3091,3050,0.08,0.03,87,26420
3120,3100,0.08,0.03,88,26430
3091,3050,0.08,0.03,85,26440
3086,3100,0.08,0.03,90,26450
3067,3050,0.08,0.03,87,26460
3072,3050,0.08,0.03,86,26470
3077,3000,0.08,0.03,79,26480
3053,3050,0.08,0.03,85,26490
3021,2950,0.08,0.03,77,26500
2999,2900,0.08,0.03,72,26510
2990,3000,0.08,0.03,81,26520
2941,2950,0.08,0.03,81,26530
2972,2950,0.08,0.03,78,26540
2946,2950,0.08,0.03,80,26550
2920,2950,0.08,0.03,83,26560
2907,2850,0.08,0.03,75,26570
2903,2950,0.08,0.03,83,26580
2903,2850,0.08,0.03,75,26590
2861,2900,0.08,0.03,83,26600
2865,2900,0.08,0.03,84,26610
2874,2850,0.08,0.03,78,26620
2841,2800,0.08,0.03,76,26630
2841,2850,0.08,0.03,80,26640
2837,2800,0.08,0.03,75,26650
2809,2850,0.08,0.03,83,26660
2817,2750,0.08,0.03,73,26670
2793,2850,0.08,0.03,84,26680
2778,2750,0.08,0.03,76,26690
1000000,2850,0.08,0.03,0,26700
2732,2850,0.08,0.03,92,26710
2717,2800,0.08,0.03,91,26720
2740,2800,0.08,0.03,91,26730
2751,2800,0.08,0.03,92,26740
2747,2800,0.08,0.03,94,26750
2762,2800,0.08,0.03,94,26760
2789,2850,0.08,0.03,97,26770
2778,2800,0.08,0.03,95,26780
2797,2800,0.08,0.03,93,26790
2809,2800,0.08,0.03,92,26800
2809,2750,0.08,0.03,86,26810
2809,2850,0.08,0.03,96,26820
2825,2850,0.08,0.03,95,26830
2841,2800,0.08,0.03,89,26840
2845,2800,0.08,0.03,87,26850
2865,2700,0.08,0.03,72,26860
2825,2850,0.08,0.03,88,26870
2857,2800,0.08,0.03,80,26880
2853,2850,0.08,0.03,84,26890
2841,2750,0.08,0.03,74,26900
2845,2850,0.08,0.03,82,26910
2841,2800,0.08,0.03,77,26920
2825,2850,0.08,0.03,83,26930
2825,2800,0.08,0.03,79,26940
2841,2750,0.08,0.03,71,26950
2837,2850,0.08,0.03,81,26960
2849,2800,0.08,0.03,73,26970
2829,2850,0.08,0.03,80,26980
2829,2850,0.08,0.03,80,26990
2841,2850,0.08,0.03,80,27000
2841,2850,0.08,0.03,80,27010
2841,2850,0.08,0.03,80,27020
2833,2800,0.08,0.03,76,27030
2845,2850,0.08,0.03,79,27040
2857,2750,0.08,0.03,67,27050
2825,2850,0.08,0.03,78,27060
2837,2850,0.08,0.03,78,27070
2841,2750,0.08,0.03,67,27080
2821,2850,0.08,0.03,77,27090
2809,2700,0.08,0.03,63,27100
2805,2800,0.08,0.03,71,27110
2778,2850,0.08,0.03,79,27120
2778,2750,0.08,0.03,70,27130
2778,2800,0.08,0.03,74,27140
2762,2750,0.08,0.03,72,27150
2747,2850,0.08,0.03,84,27160
2759,2700,0.08,0.03,69,27170
2721,2850,0.08,0.03,88,27180
2732,2800,0.08,0.03,85,27190
2747,2800,0.08,0.03,86,27200
2740,2800,0.08,0.03,88,27210
2751,2750,0.08,0.03,83,27220
2759,2800,0.08,0.03,88,27230
2736,2750,0.08,0.03,82,27240
2751,2850,0.08,0.03,95,27250
2762,2800,0.08,0.03,91,27260
2778,2800,0.08,0.03,90,27270
2789,2750,0.08,0.03,84,27280
2774,2800,0.08,0.03,90,27290
2793,2800,0.08,0.03,89,27300
666667,2800,0.08,0.03,0,27310
2747,2850,0.08,0.03,100,27320
2743,2800,0.08,0.03,98,27330
2762,2800,0.08,0.03,97,27340
2762,2800,0.08,0.03,98,27350
2793,2800,0.08,0.03,96,27360
2809,2800,0.08,0.03,95,27370
2789,2800,0.08,0.03,96,27380
2817,2800,0.08,0.03,94,27390
2825,2800,0.08,0.03,92,27400
2809,2800,0.08,0.03,93,27410
2837,2800,0.08,0.03,90,27420
2857,2800,0.08,0.03,87,27430
2861,2850,0.08,0.03,90,27440
2857,2800,0.08,0.03,82,27450
2874,2850,0.08,0.03,86,27460
2861,2800,0.08,0.03,81,27470
2829,2750,0.08,0.03,77,27480
2841,2850,0.08,0.03,85,27490
2849,2750,0.08,0.03,73,27500
2821,2800,0.08,0.03,79,27510
2825,2800,0.08,0.03,78,27520
2825,2850,0.08,0.03,82,27530
2778,2800,0.08,0.03,83,27540
2793,2750,0.08,0.03,76,27550
2793,2800,0.08,0.03,81,27560
2762,2850,0.08,0.03,90,27570
2774,2750,0.08,0.03,80,27580
2774,2800,0.08,0.03,84,27590
2736,2800,0.08,0.03,89,27600
2747,2750,0.08,0.03,85,27610
2766,2800,0.08,0.03,88,27620
2751,2750,0.08,0.03,85,27630
2747,2850,0.08,0.03,97,27640
2778,2800,0.08,0.03,91,27650
2774,2750,0.08,0.03,87,27660
2793,2750,0.08,0.03,84,27670
2793,2800,0.08,0.03,88,27680
2774,2750,0.08,0.03,85,27690
2778,2850,0.08,0.03,95,27700
2782,2800,0.08,0.03,91,27710
2762,2750,0.08,0.03,88,27720
2778,2800,0.08,0.03,91,27730
2778,2750,0.08,0.03,87,27740
2762,2700,0.08,0.03,82,27750
2766,2800,0.08,0.03,91,27760
2762,2750,0.08,0.03,87,27770
2762,2800,0.08,0.03,92,27780
2762,2800,0.08,0.03,93,27790
2759,2750,0.08,0.03,89,27800
2755,2800,0.08,0.03,95,27810
2762,2800,0.08,0.03,95,27820
2762,2800,0.08,0.03,96,27830
2762,2800,0.08,0.03,97,27840
2762,2800,0.08,0.03,98,27850
2751,2800,0.08,0.03,100,27860
2774,2800,0.08,0.03,98,27870
2762,2800,0.08,0.03,100,27880
2774,2800,0.08,0.03,99,27890
2809,2750,0.08,0.03,91,27900
2793,2750,0.08,0.03,90,27910
2782,2800,0.08,0.03,96,27920
2793,2750,0.08,0.03,90,27930
2793,2700,0.08,0.03,83,27940
2774,2750,0.08,0.03,88,27950
2778,2750,0.08,0.03,87,27960
2778,2750,0.08,0.03,86,27970
2755,2750,0.08,0.03,87,27980
2789,2700,0.08,0.03,78,27990
2778,2700,0.08,0.03,77,28000
2736,2650,0.08,0.03,73,28010
2751,2700,0.08,0.03,78,28020
5362,2650,0.08,0.03,0,28030
2642,2700,0.08,0.03,81,28040
2646,2700,0.08,0.03,86,28050
2656,2700,0.08,0.03,86,28060
2635,2700,0.08,0.03,90,28070
2674,2600,0.08,0.03,77,28080
2653,2700,0.08,0.03,88,28090
2646,2650,0.08,0.03,85,28100
2632,2650,0.08,0.03,86,28110
2618,2700,0.08,0.03,94,28120
2618,2700,0.08,0.03,96,28130
2660,2700,0.08,0.03,94,28140
2656,2650,0.08,0.03,90,28150
2642,2650,0.08,0.03,92,28160
2674,2650,0.08,0.03,88,28170
666667,2650,0.08,0.03,86,28180
2681,2650,0.08,0.03,86,28190
2699,2650,0.08,0.03,83,28200
1000000,2650,0.08,0.03,0,28210
2649,2700,0.08,0.03,92,28220
2632,2650,0.08,0.03,90,28230
2646,2600,0.08,0.03,84,28240
2653,2700,0.08,0.03,93,28250
2646,2600,0.08,0.03,84,28260
2656,2700,0.08,0.03,92,28270
2656,2600,0.08,0.03,83,28280
2656,2700,0.08,0.03,92,28290
2674,2650,0.08,0.03,86,28300
2642,2650,0.08,0.03,89,28310
2670,2600,0.08,0.03,80,28320
2660,2700,0.08,0.03,90,28330
2646,2600,0.08,0.03,82,28340
2632,2700,0.08,0.03,93,28350
2646,2700,0.08,0.03,94,28360
2632,2650,0.08,0.03,91,28370
2646,2700,0.08,0.03,96,28380
2632,2650,0.08,0.03,94,28390
2632,2650,0.08,0.03,94,28400
2632,2650,0.08,0.03,95,28410
2611,2650,0.08,0.03,98,28420
2618,2650,0.08,0.03,98,28430
2632,2650,0.08,0.03,97,28440
2625,2650,0.08,0.03,99,28450
2618,2650,0.08,0.03,99,28460
2632,2650,0.08,0.03,99,28470
2660,2650,0.08,0.03,97,28480
2660,2650,0.08,0.03,96,28490
2646,2650,0.08,0.03,98,28500
2656,2650,0.08,0.03,97,28510
2667,2650,0.08,0.03,95,28520
2653,2650,0.08,0.03,96,28530
2660,2650,0.08,0.03,95,28540
2674,2650,0.08,0.03,93,28550
2688,2650,0.08,0.03,91,28560
2703,2700,0.08,0.03,94,28570
2699,2650,0.08,0.03,89,28580
2703,2650,0.08,0.03,87,28590
2706,2650,0.08,0.03,85,28600
5556,2650,0.08,0.03,0,28610
2639,2700,0.08,0.03,96,28620
2625,2650,0.08,0.03,94,28630
2604,2650,0.08,0.03,97,28640
2604,2650,0.08,0.03,98,28650
2632,2650,0.08,0.03,97,28660
2618,2650,0.08,0.03,99,28670
2618,2650,0.08,0.03,100,28680
2601,2650,0.08,0.03,100,28690
2618,2650,0.08,0.03,100,28700
2611,2650,0.08,0.03,100,28710
2587,2650,0.08,0.03,100,28720
2594,2650,0.08,0.03,100,28730
2604,2650,0.08,0.03,100,28740
2584,2650,0.08,0.03,100,28750
2621,2650,0.08,0.03,100,28760
500000,2650,0.08,0.03,0,28770
2567,2700,0.08,0.03,100,28780
2561,2650,0.08,0.03,100,28790
2554,2650,0.08,0.03,100,28800
2577,2650,0.08,0.03,100,28810
2608,2650,0.08,0.03,100,28820
2639,2650,0.08,0.03,99,28830
2660,2650,0.08,0.03,97,28840
2660,2650,0.08,0.03,96,28850
2703,2650,0.08,0.03,91,28860
2703,2650,0.08,0.03,90,28870
2703,2700,0.08,0.03,94,28880
2732,2650,0.08,0.03,85,28890
2740,2600,0.08,0.03,76,28900
2717,2700,0.08,0.03,85,28910
2717,2650,0.08,0.03,79,28920
2729,2600,0.08,0.03,70,28930
2699,2700,0.08,0.03,81,28940
2688,2700,0.08,0.03,82,28950
2681,2700,0.08,0.03,83,28960
2656,2650,0.08,0.03,81,28970
2663,2700,0.08,0.03,86,28980
2646,2650,0.08,0.03,83,28990
2656,2700,0.08,0.03,88,29000
2635,2650,0.08,0.03,86,29010
2604,2600,0.08,0.03,84,29020
2601,2700,0.08,0.03,95,29030
2604,2700,0.08,0.03,98,29040
2597,2650,0.08,0.03,96,29050
2618,2650,0.08,0.03,95,29060
2604,2650,0.08,0.03,98,29070
2632,2600,0.08,0.03,91,29080
2618,2650,0.08,0.03,97,29090
2604,2650,0.08,0.03,99,29100
2614,2650,0.08,0.03,99,29110
2618,2650,0.08,0.03,100,29120
2608,2650,0.08,0.03,100,29130
2625,2650,0.08,0.03,99,29140
2628,2650,0.08,0.03,100,29150
2625,2700,0.08,0.03,100,29160
2614,2650,0.08,0.03,100,29170
2614,2650,0.08,0.03,100,29180
2618,2650,0.08,0.03,100,29190
2625,2650,0.08,0.03,100,29200
2611,2650,0.08,0.03,100,29210
400000,2650,0.08,0.03,0,29220
2561,2700,0.08,0.03,100,29230
2567,2650,0.08,0.03,100,29240
2561,2650,0.08,0.03,100,29250
2551,2650,0.08,0.03,100,29260
2584,2650,0.08,0.03,100,29270
2594,2650,0.08,0.03,100,29280
2611,2650,0.08,0.03,100,29290
2670,2650,0.08,0.03,96,29300
2674,2650,0.08,0.03,95,29310
2703,2700,0.08,0.03,96,29320
2755,2650,0.08,0.03,85,29330
2725,2700,0.08,0.03,91,29340
2778,2600,0.08,0.03,73,29350
2793,2700,0.08,0.03,78,29360
2774,2600,0.08,0.03,66,29370
2817,2700,0.08,0.03,67,29380
2805,2700,0.08,0.03,64,29390
2789,2700,0.08,0.03,63,29400
2813,2650,0.08,0.03,52,29410
2793,2700,0.08,0.03,55,29420
5305,2650,0.08,0.03,0,29430
2762,2700,0.08,0.03,56,29440
2743,2650,0.08,0.03,50,29450
2695,2700,0.08,0.03,58,29460
2703,2700,0.08,0.03,58,29470
2714,2650,0.08,0.03,51,29480
2674,2700,0.08,0.03,59,29490
2660,2700,0.08,0.03,61,29500
2670,2700,0.08,0.03,61,29510
2649,2700,0.08,0.03,64,29520
2670,2650,0.08,0.03,58,29530
2660,2700,0.08,0.03,64,29540
2677,2600,0.08,0.03,52,29550
2660,2700,0.08,0.03,63,29560
2646,2700,0.08,0.03,66,29570
2639,2650,0.08,0.03,63,29580
2656,2700,0.08,0.03,67,29590
2646,2650,0.08,0.03,64,29600
2649,2700,0.08,0.03,69,29610
2670,2650,0.08,0.03,63,29620
2632,2700,0.08,0.03,72,29630
2632,2700,0.08,0.03,74,29640
2604,2600,0.08,0.03,68,29650
2571,2650,0.08,0.03,77,29660
2525,2700,0.08,0.03,90,29670
2497,2650,0.08,0.03,93,29680
2522,2700,0.08,0.03,100,29690
2494,2650,0.08,0.03,100,29700
2538,2650,0.08,0.03,98,29710
2538,2650,0.08,0.03,100,29720
2528,2650,0.08,0.03,100,29730
500000,2650,0.08,0.03,98,29740
2577,2650,0.08,0.03,99,29750
2618,2650,0.08,0.03,97,29760
2660,2650,0.08,0.03,94,29770
2660,2650,0.08,0.03,93,29780
2717,2650,0.08,0.03,87,29790
2732,2650,0.08,0.03,83,29800
2717,2600,0.08,0.03,77,29810
2717,2700,0.08,0.03,84,29820
2743,2750,0.08,0.03,86,29830
2740,2650,0.08,0.03,76,29840
2743,2700,0.08,0.03,78,29850
2762,2700,0.08,0.03,75,29860
2736,2700,0.08,0.03,76,29870
2736,2600,0.08,0.03,64,29880
2732,2700,0.08,0.03,71,29890
2732,2700,0.08,0.03,70,29900
5525,2650,0.08,0.03,0,29910
2628,2700,0.08,0.03,81,29920
2604,2600,0.08,0.03,74,29930
2554,2650,0.08,0.03,85,29940
2532,2650,0.08,0.03,91,29950
2516,2600,0.08,0.03,90,29960
2513,2600,0.08,0.03,93,29970
2525,2650,0.08,0.03,100,29980
2519,2650,0.08,0.03,100,29990
2516,2650,0.08,0.03,100,30000
2545,2650,0.08,0.03,100,30010
2564,2650,0.08,0.03,99,30020
2604,2650,0.08,0.03,98,30030
2677,2650,0.08,0.03,91,30040
2717,2600,0.08,0.03,80,30050
2759,2700,0.08,0.03,83,30060
500000,2650,0.08,0.03,0,30070
2736,2700,0.08,0.03,84,30080
2778,2650,0.08,0.03,73,30090
500000,2700,0.08,0.03,0,30100
2751,2700,0.08,0.03,77,30110
2793,2650,0.08,0.03,66,30120
2797,2700,0.08,0.03,66,30130
2778,2700,0.08,0.03,66,30140
2805,2700,0.08,0.03,60,30150
2789,2700,0.08,0.03,59,30160
2762,2650,0.08,0.03,54,30170
2778,2700,0.08,0.03,54,30180
2759,2700,0.08,0.03,55,30190
2729,2700,0.08,0.03,56,30200
2732,2650,0.08,0.03,49,30210
2717,2700,0.08,0.03,54,30220
2674,2700,0.08,0.03,58,30230
2663,2700,0.08,0.03,60,30240
2663,2700,0.08,0.03,61,30250
2656,2700,0.08,0.03,63,30260
2656,2650,0.08,0.03,57,30270
2670,2700,0.08,0.03,62,30280
2632,2700,0.08,0.03,67,30290
2506,2700,0.08,0.03,83,30300
2350,2700,0.08,0.03,100,30310
2240,2650,0.08,0.03,100,30320
2060,2650,0.08,0.03,100,30330
1940,2650,0.08,0.03,100,30340
1795,2650,0.08,0.03,100,30350
1693,2600,0.08,0.03,100,30360
1585,2650,0.08,0.03,100,30370
1504,2650,0.08,0.03,100,30380
1411,2650,0.08,0.03,100,30390
1356,2650,0.08,0.03,100,30400
1318,2650,0.08,0.03,100,30410
1313,2650,0.08,0.03,100,30420
1315,2650,0.08,0.03,100,30430
1313,2650,0.08,0.03,100,30440
1335,2650,0.08,0.03,100,30450
1363,2650,0.08,0.03,100,30460
1417,2650,0.08,0.03,100,30470
1499,2650,0.08,0.03,100,30480
1591,2650,0.08,0.03,100,30490
1668,2650,0.08,0.03,100,30500
1744,2650,0.08,0.03,100,30510
1800,2650,0.08,0.03,100,30520
1892,2650,0.08,0.03,100,30530
1949,2650,0.08,0.03,100,30540
2012,2650,0.08,0.03,100,30550
2083,2650,0.08,0.03,100,30560
2146,2650,0.08,0.03,100,30570
2200,2650,0.08,0.03,100,30580
2291,2650,0.08,0.03,100,30590
2339,2650,0.08,0.03,100,30600
2387,2650,0.08,0.03,96,30610
2451,2650,0.08,0.03,97,30620
2525,2650,0.08,0.03,95,30630
2554,2650,0.08,0.03,95,30640
2591,2650,0.08,0.03,94,30650
2653,2650,0.08,0.03,89,30660
2703,2700,0.08,0.03,89,30670
2703,2600,0.08,0.03,78,30680
2710,2650,0.08,0.03,80,30690
2714,2600,0.08,0.03,72,30700
2681,2600,0.08,0.03,72,30710
666667,2700,0.08,0.03,0,30720
2642,2700,0.08,0.03,85,30730
2660,2700,0.08,0.03,85,30740
2685,2600,0.08,0.03,72,30750
2670,2600,0.08,0.03,71,30760
2706,2700,0.08,0.03,76,30770
2688,2700,0.08,0.03,78,30780
2685,2700,0.08,0.03,80,30790
2699,2700,0.08,0.03,78,30800
2714,2650,0.08,0.03,71,30810
2714,2700,0.08,0.03,74,30820
2710,2600,0.08,0.03,63,30830
2721,2650,0.08,0.03,64,30840
2703,2650,0.08,0.03,64,30850
2717,2700,0.08,0.03,67,30860
2729,2650,0.08,0.03,59,30870
2736,2700,0.08,0.03,62,30880
2732,2650,0.08,0.03,56,30890
2714,2700,0.08,0.03,61,30900
2732,2700,0.08,0.03,58,30910
2699,2650,0.08,0.03,55,30920
5479,2650,0.08,0.03,0,30930
2632,2700,0.08,0.03,67,30940
2649,2700,0.08,0.03,67,30950
2632,2700,0.08,0.03,70,30960
2649,2700,0.08,0.03,71,30970
2681,2650,0.08,0.03,63,30980
2656,2700,0.08,0.03,66,30990
2674,2700,0.08,0.03,68,31000
2674,2700,0.08,0.03,69,31010
2695,2700,0.08,0.03,68,31020
2703,2650,0.08,0.03,61,31030
2674,2700,0.08,0.03,69,31040
2688,2650,0.08,0.03,62,31050
2703,2650,0.08,0.03,60,31060
2685,2700,0.08,0.03,65,31070
2681,2700,0.08,0.03,66,31080
2699,2650,0.08,0.03,59,31090
2681,2650,0.08,0.03,60,31100
2677,2700,0.08,0.03,65,31110
2674,2650,0.08,0.03,60,31120
2688,2650,0.08,0.03,58,31130
2663,2700,0.08,0.03,65,31140
2656,2650,0.08,0.03,62,31150
2681,2700,0.08,0.03,64,31160
2663,2650,0.08,0.03,61,31170
2635,2700,0.08,0.03,69,31180
2656,2650,0.08,0.03,64,31190
2660,2650,0.08,0.03,63,31200
2646,2650,0.08,0.03,64,31210
2660,2650,0.08,0.03,63,31220
2656,2650,0.08,0.03,63,31230
2660,2700,0.08,0.03,68,31240
2660,2650,0.08,0.03,64,31250
2642,2650,0.08,0.03,65,31260
2646,2650,0.08,0.03,65,31270
2667,2700,0.08,0.03,68,31280
2649,2700,0.08,0.03,71,31290
2660,2700,0.08,0.03,72,31300
2685,2650,0.08,0.03,65,31310
2663,2700,0.08,0.03,72,31320
2692,2600,0.08,0.03,58,31330
2688,2700,0.08,0.03,67,31340
2699,2600,0.08,0.03,55,31350
2674,2700,0.08,0.03,66,31360
2660,2700,0.08,0.03,68,31370
2699,2650,0.08,0.03,60,31380
2674,2700,0.08,0.03,67,31390
2649,2700,0.08,0.03,70,31400
2660,2650,0.08,0.03,65,31410
2685,2700,0.08,0.03,67,31420
2674,2650,0.08,0.03,64,31430
2674,2700,0.08,0.03,68,31440
2677,2650,0.08,0.03,63,31450
2688,2700,0.08,0.03,67,31460
2685,2650,0.08,0.03,62,31470
2660,2600,0.08,0.03,58,31480
2677,2700,0.08,0.03,65,31490
2677,2700,0.08,0.03,66,31500
2646,2700,0.08,0.03,70,31510
2663,2600,0.08,0.03,59,31520
2667,2700,0.08,0.03,68,31530
5195,2650,0.08,0.03,0,31540
2660,2700,0.08,0.03,70,31550
2646,2700,0.08,0.03,72,31560
2663,2700,0.08,0.03,72,31570
2660,2700,0.08,0.03,73,31580
2649,2700,0.08,0.03,76,31590
2703,2650,0.08,0.03,66,31600
2703,2700,0.08,0.03,70,31610
2685,2700,0.08,0.03,72,31620
2688,2750,0.08,0.03,77,31630
2721,2700,0.08,0.03,70,31640
2710,2650,0.08,0.03,65,31650
2721,2700,0.08,0.03,68,31660
2743,2700,0.08,0.03,65,31670
2717,2600,0.08,0.03,55,31680
2725,2700,0.08,0.03,62,31690
2703,2650,0.08,0.03,58,31700
2703,2700,0.08,0.03,62,31710
2688,2700,0.08,0.03,63,31720
2674,2650,0.08,0.03,60,31730
2688,2700,0.08,0.03,63,31740
2674,2650,0.08,0.03,60,31750
2646,2700,0.08,0.03,67,31760
2649,2650,0.08,0.03,63,31770
2663,2700,0.08,0.03,67,31780
2635,2650,0.08,0.03,66,31790
2646,2650,0.08,0.03,64,31800
2649,2650,0.08,0.03,65,31810
2660,2700,0.08,0.03,69,31820
2660,2600,0.08,0.03,59,31830
2646,2650,0.08,0.03,65,31840
2660,2650,0.08,0.03,63,31850
2646,2600,0.08,0.03,59,31860
2628,2700,0.08,0.03,70,31870
2625,2650,0.08,0.03,67,31880
2646,2650,0.08,0.03,66,31890
2635,2700,0.08,0.03,73,31900
2646,2650,0.08,0.03,68,31910
2656,2650,0.08,0.03,69,31920
2674,2700,0.08,0.03,71,31930
2663,2650,0.08,0.03,67,31940
2649,2700,0.08,0.03,74,31950
2660,2600,0.08,0.03,63,31960
2667,2700,0.08,0.03,72,31970
2670,2700,0.08,0.03,72,31980
2688,2700,0.08,0.03,71,31990
2703,2650,0.08,0.03,65,32000
2685,2650,0.08,0.03,65,32010
2699,2700,0.08,0.03,68,32020
2688,2650,0.08,0.03,64,32030
2699,2700,0.08,0.03,67,32040
2695,2650,0.08,0.03,62,32050
2667,2700,0.08,0.03,69,32060
2699,2700,0.08,0.03,67,32070
2688,2700,0.08,0.03,68,32080
2674,2700,0.08,0.03,70,32090
2674,2700,0.08, ,,
